alumnonotaid,alumnoid,cursoid,componentenotaid,codigoNota,nota
2,1,1,12,EF,7.50
4,2,1,12,EF,8.50
5,1,1,36,V1,16.00
6,1,1,37,V2,17.00
7,2,1,37,V2,17.00
8,1,1,41,EP1,16.00
9,2,1,41,EP1,16.00
10,1,1,45,EPA,17.00
11,2,1,45,EPA,17.00
12,1,1,47,P1,20.00
13,2,1,47,P1,20.00
14,1,1,48,P2,11.00
15,2,1,48,P2,11.00
16,1,1,8,Py1,18.00
17,2,1,8,Py1,18.00
18,1,1,52,PC1,17.00
19,2,1,52,PC1,17.00
24,1,1,6,EP,11.50
25,2,1,6,EP,10.50
35,4,7,21,EPP,16.00
36,7,7,21,EPP,16.00
37,11,7,21,EPP,16.00
38,17,7,21,EPP,0.00
39,8,7,21,EPP,5.00
40,9,7,21,EPP,5.00
41,13,7,21,EPP,0.00
42,15,7,21,EPP,0.00
43,3,7,21,EPP,12.00
44,5,7,21,EPP,5.00
45,14,7,21,EPP,12.00
46,18,7,21,EPP,12.00
47,6,7,21,EPP,17.00
48,10,7,21,EPP,17.00
49,12,7,21,EPP,17.00
50,16,7,21,EPP,17.00
51,4,7,25,AP1,14.00
52,7,7,25,AP1,14.00
53,11,7,25,AP1,14.00
54,17,7,25,AP1,0.00
55,4,7,26,AP2,14.00
56,7,7,26,AP2,14.00
57,11,7,26,AP2,14.00
58,17,7,26,AP2,0.00
59,8,7,25,AP1,15.00
60,9,7,25,AP1,15.00
61,13,7,25,AP1,15.00
62,15,7,25,AP1,0.00
63,8,7,26,AP2,0.00
64,9,7,26,AP2,0.00
65,13,7,26,AP2,0.00
66,15,7,26,AP2,0.00
67,3,7,25,AP1,10.00
68,5,7,25,AP1,10.00
69,14,7,25,AP1,10.00
70,18,7,25,AP1,10.00
71,3,7,26,AP2,0.00
72,5,7,26,AP2,0.00
73,14,7,26,AP2,0.00
74,18,7,26,AP2,0.00
75,6,7,25,AP1,14.00
76,10,7,25,AP1,14.00
77,12,7,25,AP1,14.00
78,16,7,25,AP1,14.00
79,6,7,26,AP2,16.00
80,10,7,26,AP2,16.00
81,12,7,26,AP2,16.00
82,16,7,26,AP2,16.00
83,4,7,29,PaC1,15.00
84,8,7,29,PaC1,16.00
85,9,7,29,PaC1,16.00
86,18,7,29,PaC1,15.00
87,14,7,29,PaC1,15.00
88,6,7,29,PaC1,16.00
89,10,7,29,PaC1,16.00
90,7,7,30,PaC2,16.00
91,3,7,30,PaC2,14.00
92,3,7,29,PaC1,15.00
93,14,7,30,PaC2,14.00
94,6,7,30,PaC2,16.00
95,8,7,30,PaC2,18.00
96,9,7,30,PaC2,18.00
97,10,7,31,PaC3,17.00
98,7,7,31,PaC3,15.00
99,4,7,32,PaC4,14.00
100,6,7,32,PaC4,15.00
101,5,7,32,PaC4,14.00
102,4,7,33,PaC5,14.00
105,11,7,33,PaC5,13.00
106,7,7,33,PaC5,13.00
107,14,7,33,PaC5,18.00
108,10,7,33,PaC5,18.00
109,6,7,33,PaC5,15.00
110,12,7,33,PaC5,15.00
111,16,7,33,PaC5,15.00
112,24,3,1,EP,10.50
113,26,3,1,EP,6.00
114,34,3,1,EP,8.00
115,27,3,1,EP,6.00
116,23,3,1,EP,3.00
117,20,3,1,EP,5.50
118,30,3,1,EP,10.00
119,33,3,1,EP,4.00
120,28,3,1,EP,10.00
121,29,3,1,EP,14.00
122,25,3,1,EP,8.50
123,35,3,1,EP,0.00
124,32,3,1,EP,0.00
125,31,3,1,EP,0.00
126,22,3,1,EP,0.00
127,21,3,1,EP,0.00
128,19,3,1,EP,0.00
129,27,3,58,D1,17.00
130,33,3,58,D1,17.00
131,34,3,58,D1,17.00
132,35,3,58,D1,17.00
133,23,3,58,D1,16.00
134,25,3,58,D1,16.00
135,28,3,58,D1,16.00
136,30,3,58,D1,16.00
137,23,3,65,Pa1,16.00
138,25,3,65,Pa1,16.00
139,34,3,65,Pa1,16.00
140,27,3,65,Pa1,16.00
141,30,3,72,PaP3,18.00
142,34,3,72,PaP3,17.00
143,25,3,73,PaP4,16.00
144,28,3,73,PaP4,16.00
145,29,3,73,PaP4,16.00
146,23,3,59,D2,16.00
147,25,3,59,D2,16.00
148,28,3,59,D2,16.00
149,30,3,59,D2,16.00
150,28,3,66,Pa2,17.00
151,25,3,66,Pa2,17.00
152,23,3,60,D3,15.00
153,25,3,60,D3,15.00
154,28,3,60,D3,15.00
155,30,3,60,D3,15.00
156,28,3,67,Pa3,15.00
157,30,3,67,Pa3,16.00
158,23,3,61,D4,16.00
159,25,3,61,D4,16.00
160,28,3,61,D4,16.00
161,30,3,61,D4,16.00
162,30,3,68,Pa4,18.00
163,28,3,68,Pa4,15.00
164,25,3,68,Pa4,15.00
165,29,3,58,D1,0.00
166,29,3,74,PaP5,20.00
167,25,3,74,PaP5,15.00
168,23,3,74,PaP5,15.00
169,30,3,70,PaP1,18.00
170,25,3,70,PaP1,17.00
171,26,3,70,PaP1,17.00
172,23,3,70,PaP1,16.00
173,24,3,70,PaP1,16.00
174,30,3,71,PaP2,18.00
175,19,3,71,PaP2,16.00
176,24,3,71,PaP2,16.00
177,29,3,71,PaP2,16.00
178,23,3,71,PaP2,15.00
179,26,3,71,PaP2,15.00
180,20,3,58,D1,10.00
181,24,3,58,D1,0.00
182,26,3,58,D1,10.00
183,21,3,58,D1,0.00
184,22,3,58,D1,0.00
185,31,3,58,D1,0.00
186,32,3,58,D1,0.00
187,19,3,58,D1,0.00
188,20,3,84,P6,14.00
189,24,3,84,P6,14.00
190,26,3,84,P6,14.00
191,27,3,84,P6,18.00
192,29,3,84,P6,18.00
193,33,3,84,P6,18.00
194,34,3,84,P6,18.00
195,35,3,84,P6,18.00
196,23,3,84,P6,16.00
197,25,3,84,P6,16.00
198,28,3,84,P6,16.00
199,30,3,84,P6,16.00
200,23,3,83,P5,16.00
201,25,3,83,P5,16.00
202,28,3,83,P5,16.00
203,30,3,83,P5,16.00
204,20,3,83,P5,15.00
205,24,3,83,P5,15.00
206,26,3,83,P5,15.00
207,20,3,79,CL,15.00
208,26,3,79,CL,16.00
209,27,3,79,CL,15.00
210,28,3,79,CL,17.00
211,29,3,79,CL,15.00
212,23,3,79,CL,15.00
213,33,3,79,CL,14.00
214,25,3,79,CL,14.00
215,32,3,79,CL,14.00
216,24,3,79,CL,16.00
217,30,3,79,CL,15.00
218,19,3,79,CL,14.00
219,22,3,79,CL,14.00
220,18,7,34,PaC6,16.00
221,9,7,34,PaC6,14.00
233,3,7,22,PAP,10.25
234,4,7,22,PAP,8.25
235,5,7,22,PAP,10.25
236,6,7,22,PAP,15.00
237,7,7,22,PAP,7.00
238,8,7,22,PAP,11.50
239,9,7,22,PAP,11.50
240,10,7,22,PAP,15.00
241,11,7,22,PAP,8.25
242,12,7,22,PAP,15.00
243,13,7,22,PAP,7.50
244,14,7,22,PAP,10.25
245,15,7,22,PAP,0.00
246,16,7,22,PAP,15.00
247,17,7,22,PAP,0.00
248,18,7,22,PAP,10.25
249,30,3,62,D5,18.00
250,23,3,62,D5,18.00
251,25,3,62,D5,18.00
252,28,3,62,D5,18.00
254,30,3,75,PaP6,20.00
255,26,3,59,D2,8.00
256,20,3,59,D2,8.00
257,20,3,60,D3,7.00
258,26,3,60,D3,7.00
259,20,3,75,PaP6,14.00
260,26,3,75,PaP6,10.00
261,29,3,61,D4,18.00
262,29,3,75,PaP6,18.00
263,6,7,27,AP3,14.00
264,10,7,27,AP3,14.00
265,12,7,27,AP3,14.00
266,16,7,27,AP3,14.00
267,6,7,35,PaC7,16.00
268,10,7,35,PaC7,20.00
269,12,7,35,PaC7,15.00
270,16,7,35,PaC7,15.00
271,3,7,27,AP3,16.00
272,5,7,27,AP3,16.00
273,14,7,27,AP3,16.00
274,18,7,27,AP3,16.00
275,3,7,35,PaC7,12.00
276,5,7,35,PaC7,14.00
277,18,7,35,PaC7,20.00
278,8,7,27,AP3,14.00
279,9,7,27,AP3,14.00
280,9,7,35,PaC7,16.00
281,8,7,35,PaC7,15.00
290,1,1,10,PTPyC,16.10
291,2,1,10,PTPyC,15.40
292,1,1,11,PPC,15.33
293,2,1,11,PPC,14.15
294,2,1,36,V1,0.00
295,2,1,50,P4,10.00
296,1,1,50,P4,10.00
297,2,1,44,EP45,15.00
298,2,1,51,P5,16.00
299,1,1,51,P5,16.00
300,1,1,44,EP45,16.00
301,2,1,53,PC2,18.00
302,1,1,53,PC2,18.00
303,2,1,90,PaP6,15.00
304,1,1,90,PaP6,14.00
305,1,1,14,N2,16.00
306,2,1,14,N2,15.00
307,1,1,13,N1,12.00
308,2,1,13,N1,11.00
309,1,1,16,PROM,14.00
310,2,1,16,PROM,13.00
311,7,7,27,AP3,0.00
312,4,7,27,AP3,5.00
313,11,7,27,AP3,5.00
314,15,7,27,AP3,0.00
315,4,7,35,PaC7,14.00
316,11,7,35,PaC7,14.00
317,3,7,18,N1,12.00
318,4,7,18,N1,16.00
319,5,7,18,N1,5.00
320,6,7,18,N1,17.00
321,7,7,18,N1,16.00
322,8,7,18,N1,5.00
323,9,7,18,N1,5.00
324,10,7,18,N1,17.00
325,11,7,18,N1,16.00
326,12,7,18,N1,17.00
327,13,7,18,N1,0.00
328,14,7,18,N1,12.00
329,15,7,18,N1,0.00
330,16,7,18,N1,17.00
331,17,7,18,N1,0.00
332,18,7,18,N1,12.00
333,3,7,23,PPaC,13.25
334,4,7,23,PPaC,14.17
335,5,7,23,PPaC,16.20
336,6,7,23,PPaC,15.17
337,7,7,23,PPaC,8.80
338,8,7,23,PPaC,17.00
339,9,7,23,PPaC,16.71
340,10,7,23,PPaC,17.86
341,11,7,23,PPaC,13.75
342,12,7,23,PPaC,14.00
343,14,7,23,PPaC,15.00
344,16,7,23,PPaC,14.33
345,18,7,23,PPaC,17.83
346,3,7,19,N2,11.00
347,4,7,19,N2,9.00
348,5,7,19,N2,11.00
349,6,7,19,N2,15.00
350,7,7,19,N2,7.00
351,8,7,19,N2,13.00
352,9,7,19,N2,13.00
353,10,7,19,N2,16.00
354,11,7,19,N2,9.00
355,12,7,19,N2,15.00
356,13,7,19,N2,6.00
357,14,7,19,N2,11.00
358,15,7,19,N2,0.00
359,16,7,19,N2,15.00
360,17,7,19,N2,0.00
361,18,7,19,N2,12.00
362,5,7,91,PaC8,18.00
363,14,7,91,PaC8,15.00
364,18,7,91,PaC8,20.00
365,8,7,91,PaC8,15.00
366,9,7,91,PaC8,15.00
367,15,7,91,PaC8,0.00
368,15,7,23,PPaC,0.00
369,3,7,17,PROM,12.00
370,4,7,17,PROM,11.00
371,5,7,17,PROM,11.00
372,6,7,17,PROM,16.00
373,7,7,17,PROM,7.00
374,8,7,17,PROM,13.00
375,9,7,17,PROM,13.00
376,10,7,17,PROM,17.00
377,11,7,17,PROM,11.00
378,12,7,17,PROM,16.00
379,13,7,17,PROM,4.00
380,14,7,17,PROM,12.00
381,15,7,17,PROM,0.00
382,16,7,17,PROM,16.00
383,17,7,17,PROM,0.00
384,18,7,17,PROM,13.00
385,30,3,69,Pa5,18.00
386,29,3,68,Pa4,18.00
387,30,3,100,Pa6,17.00
388,25,3,100,Pa6,14.00
389,23,3,100,Pa6,15.00
390,29,3,100,Pa6,18.00
391,29,3,63,D6,20.00
392,23,3,63,D6,15.00
393,25,3,63,D6,15.00
394,28,3,63,D6,15.00
395,30,3,63,D6,15.00
396,29,3,59,D2,15.00
397,29,3,62,D5,15.00
398,25,3,75,PaP6,16.00
399,23,3,96,P8,16.00
400,25,3,96,P8,16.00
401,28,3,96,P8,16.00
402,30,3,96,P8,16.00
403,29,3,96,P8,15.00
404,27,3,96,P8,0.00
405,33,3,96,P8,0.00
406,34,3,96,P8,0.00
407,20,3,96,P8,0.00
408,26,3,96,P8,0.00
409,21,3,96,P8,0.00
410,21,3,84,P6,0.00
411,21,3,79,CL,0.00
412,34,3,79,CL,0.00
413,1,3,3,PPaC,14.00
414,34,3,3,PPaC,16.50
415,2,3,3,PPaC,15.00
416,19,3,3,PPaC,16.00
417,20,3,3,PPaC,14.00
418,23,3,3,PPaC,15.63
419,24,3,3,PPaC,16.00
420,25,3,3,PPaC,15.82
421,26,3,3,PPaC,14.00
422,27,3,3,PPaC,16.00
423,28,3,3,PPaC,15.86
424,29,3,3,PPaC,17.22
425,30,3,3,PPaC,17.91
426,32,3,2,PD,0.00
427,33,3,2,PD,3.40
428,34,3,2,PD,3.40
429,35,3,2,PD,0.00
430,19,3,2,PD,0.00
431,20,3,2,PD,5.00
432,21,3,2,PD,0.00
433,22,3,2,PD,0.00
434,23,3,2,PD,16.20
435,24,3,2,PD,0.00
436,25,3,2,PD,16.20
437,26,3,2,PD,5.00
438,27,3,2,PD,3.40
439,28,3,2,PD,16.20
440,29,3,2,PD,13.60
441,30,3,2,PD,16.20
442,31,3,2,PD,0.00
443,29,3,60,D3,0.00
444,21,3,59,D2,0.00
445,27,3,59,D2,0.00
446,33,3,59,D2,0.00
447,34,3,59,D2,0.00
448,21,3,60,D3,0.00
449,27,3,60,D3,0.00
450,33,3,60,D3,0.00
451,34,3,60,D3,0.00
452,20,3,61,D4,0.00
453,21,3,61,D4,0.00
454,26,3,61,D4,0.00
455,27,3,61,D4,0.00
456,33,3,61,D4,0.00
457,34,3,61,D4,0.00
458,20,3,62,D5,0.00
459,21,3,62,D5,0.00
460,26,3,62,D5,0.00
461,27,3,62,D5,0.00
462,33,3,62,D5,0.00
463,34,3,62,D5,0.00
464,20,3,63,D6,0.00
465,21,3,63,D6,0.00
466,26,3,63,D6,0.00
467,27,3,63,D6,0.00
468,33,3,63,D6,0.00
469,34,3,63,D6,0.00
470,32,3,55,N1,0.00
471,33,3,55,N1,4.00
472,34,3,55,N1,8.00
473,35,3,55,N1,0.00
474,19,3,55,N1,0.00
475,20,3,55,N1,6.00
476,21,3,55,N1,0.00
477,22,3,55,N1,0.00
478,23,3,55,N1,3.00
479,24,3,55,N1,11.00
480,25,3,55,N1,9.00
481,26,3,55,N1,6.00
482,27,3,55,N1,6.00
483,28,3,55,N1,10.00
484,29,3,55,N1,14.00
485,30,3,55,N1,10.00
486,31,3,55,N1,0.00
487,32,3,4,PPCT,0.00
488,33,3,4,PPCT,8.44
489,34,3,4,PPCT,5.44
490,35,3,4,PPCT,0.00
491,19,3,4,PPCT,0.00
492,20,3,4,PPCT,13.11
493,21,3,4,PPCT,3.67
494,22,3,4,PPCT,0.00
495,23,3,4,PPCT,16.17
496,24,3,4,PPCT,15.50
497,25,3,4,PPCT,16.08
498,26,3,4,PPCT,13.22
499,27,3,4,PPCT,8.56
500,28,3,4,PPCT,16.33
501,29,3,4,PPCT,13.92
502,30,3,4,PPCT,16.17
503,32,3,56,N2,0.00
504,33,3,56,N2,4.00
505,1,3,56,N2,3.00
506,34,3,56,N2,7.00
507,2,3,56,N2,3.00
508,35,3,56,N2,0.00
509,19,3,56,N2,3.00
510,20,3,56,N2,9.00
511,21,3,56,N2,1.00
512,22,3,56,N2,0.00
513,23,3,56,N2,16.00
514,24,3,56,N2,8.00
515,25,3,56,N2,16.00
516,26,3,56,N2,9.00
517,27,3,56,N2,7.00
518,28,3,56,N2,16.00
519,29,3,56,N2,14.00
520,30,3,56,N2,17.00
521,31,3,56,N2,0.00
522,32,3,54,PROM,0.00
523,33,3,54,PROM,3.00
524,1,3,54,PROM,2.00
525,34,3,54,PROM,6.00
526,2,3,54,PROM,2.00
527,35,3,54,PROM,0.00
528,19,3,54,PROM,2.00
529,20,3,54,PROM,8.00
530,21,3,54,PROM,1.00
531,22,3,54,PROM,0.00
532,23,3,54,PROM,12.00
533,24,3,54,PROM,7.00
534,25,3,54,PROM,13.00
535,26,3,54,PROM,8.00
536,27,3,54,PROM,5.00
537,28,3,54,PROM,15.00
538,29,3,54,PROM,15.00
539,30,3,54,PROM,15.00
540,31,3,54,PROM,0.00
541,4,7,28,AP4,0.00
542,7,7,28,AP4,0.00
543,11,7,28,AP4,0.00
544,2,1,49,P3,16.00
545,1,1,49,P3,16.00
546,2,1,43,EP3,0.00
547,1,1,43,EP3,15.00
548,2,1,86,P6,15.00
549,1,1,86,P6,15.00
550,2,1,87,P7,0.00
551,1,1,87,P7,17.00
552,2,1,38,V3,15.00
553,1,1,38,V3,18.00
554,2,1,39,V4,15.00
555,1,1,39,V4,0.00
556,2,1,40,V5,16.00
557,1,1,40,V5,11.00
558,2,1,42,EP2,11.00
559,1,1,42,EP2,11.00
560,2,1,102,V6,18.00
561,1,1,102,V6,17.00
562,1,1,103,V7,16.00
564,1,1,104,EP7,16.00
565,1,1,105,EP8,15.00
566,2,1,105,EP8,14.00
567,2,1,88,P8,14.00
568,1,1,88,P8,14.00
569,2,1,46,EPF,15.00
570,1,1,46,EPF,15.00
571,2,1,9,Py2,18.00
572,1,1,9,Py2,18.00
573,2,1,7,SE,15.00
574,1,1,7,SE,15.00
575,23,3,97,P9,18.00
576,25,3,97,P9,18.00
577,28,3,97,P9,18.00
578,30,3,97,P9,18.00
579,29,3,97,P9,18.00
580,20,3,85,P7,16.00
581,26,3,85,P7,16.00
582,28,3,85,P7,16.00
583,25,3,85,P7,16.00
584,30,3,85,P7,16.00
585,23,3,85,P7,16.00
586,29,3,85,P7,0.00
587,29,3,83,P5,0.00
588,20,3,82,P4,17.00
589,26,3,82,P4,17.00
590,27,3,82,P4,16.00
591,29,3,82,P4,16.00
592,33,3,82,P4,16.00
593,34,3,82,P4,16.00
594,27,3,83,P5,0.00
595,34,3,83,P5,0.00
596,33,3,83,P5,0.00
597,33,3,85,P7,0.00
598,34,3,85,P7,0.00
599,27,3,85,P7,0.00
600,21,3,85,P7,0.00
601,21,3,83,P5,0.00
602,23,3,82,P4,17.00
603,25,3,82,P4,17.00
604,28,3,82,P4,17.00
605,30,3,82,P4,17.00
606,21,3,82,P4,0.00
607,27,3,97,P9,NULL
608,20,3,97,P9,0.00
609,21,3,97,P9,0.00
610,26,3,97,P9,0.00
611,33,3,97,P9,0.00
612,34,3,97,P9,0.00
613,20,3,81,P3,12.00
614,26,3,81,P3,12.00
615,23,3,81,P3,13.00
616,28,3,81,P3,13.00
617,30,3,81,P3,13.00
618,25,3,81,P3,13.00
619,20,3,80,P2,14.00
620,26,3,80,P2,14.00
621,33,3,80,P2,13.00
622,27,3,80,P2,13.00
623,29,3,80,P2,18.00
624,34,3,80,P2,0.00
625,21,3,80,P2,18.00
626,23,3,80,P2,16.00
627,25,3,80,P2,16.00
628,28,3,80,P2,16.00
629,30,3,80,P2,16.00
630,20,3,78,P1,15.00
631,21,3,78,P1,15.00
632,23,3,78,P1,15.00
633,25,3,78,P1,15.00
634,26,3,78,P1,15.00
635,27,3,78,P1,15.00
636,28,3,78,P1,15.00
637,29,3,78,P1,15.00
638,30,3,78,P1,15.00
639,33,3,78,P1,15.00
640,34,3,78,P1,15.00
641,21,3,81,P3,0.00
642,27,3,81,P3,0.00
643,29,3,81,P3,0.00
644,33,3,81,P3,0.00
645,34,3,81,P3,0.00
646,23,3,99,P10,16.00
647,25,3,99,P10,16.00
648,28,3,99,P10,16.00
649,30,3,99,P10,16.00
650,29,3,99,P10,18.00
651,23,3,106,P11,16.00
652,25,3,106,P11,16.00
653,28,3,106,P11,16.00
654,30,3,106,P11,16.00
655,29,3,106,P11,16.00
656,29,3,98,PC1,18.00
657,23,3,98,PC1,17.00
658,25,3,98,PC1,17.00
659,28,3,98,PC1,17.00
660,30,3,98,PC1,17.00
661,23,3,95,PaP9,16.00
662,25,3,95,PaP9,16.00
663,28,3,95,PaP9,16.00
664,30,3,95,PaP9,18.00
665,29,3,95,PaP9,17.00
666,23,3,94,PaP8,16.00
667,25,3,94,PaP8,16.00
668,28,3,94,PaP8,16.00
669,30,3,94,PaP8,20.00
670,29,3,94,PaP8,16.00
671,23,3,76,PaP7,16.00
672,25,3,76,PaP7,16.00
673,28,3,76,PaP7,16.00
674,30,3,76,PaP7,16.00
675,29,3,76,PaP7,16.00
676,15,7,28,AP4,0.00
677,8,7,28,AP4,17.00
678,9,7,28,AP4,17.00
679,3,7,28,AP4,15.00
680,5,7,28,AP4,15.00
681,14,7,28,AP4,15.00
682,18,7,28,AP4,15.00
683,6,7,28,AP4,16.00
684,10,7,28,AP4,16.00
685,12,7,28,AP4,16.00
686,16,7,28,AP4,16.00
687,7,7,24,EFP,0.00
688,11,7,24,EFP,12.00
689,4,7,24,EFP,12.00
690,4,7,20,N3,12.00
691,7,7,20,N3,0.00
692,11,7,20,N3,12.00
693,15,7,24,EFP,0.00
694,8,7,24,EFP,20.00
695,9,7,24,EFP,20.00
696,8,7,20,N3,20.00
697,9,7,20,N3,20.00
698,15,7,20,N3,0.00
699,3,7,24,EFP,15.00
700,5,7,24,EFP,15.00
701,14,7,24,EFP,15.00
702,18,7,24,EFP,15.00
703,6,7,24,EFP,18.00
704,10,7,24,EFP,18.00
705,12,7,24,EFP,18.00
706,16,7,24,EFP,18.00
707,3,7,20,N3,15.00
708,5,7,20,N3,15.00
709,6,7,20,N3,18.00
710,10,7,20,N3,18.00
711,12,7,20,N3,18.00
712,14,7,20,N3,15.00
713,16,7,20,N3,18.00
714,18,7,20,N3,15.00
715,4,7,93,Pa10,12.00
716,11,7,93,Pa10,12.00
717,8,7,93,Pa10,20.00
718,9,7,93,Pa10,20.00
719,3,7,93,Pa10,12.00
720,5,7,93,Pa10,17.00
721,14,7,93,Pa10,13.00
722,18,7,93,Pa10,18.00
723,6,7,93,Pa10,13.00
724,10,7,93,Pa10,18.00
725,12,7,93,Pa10,12.00
726,16,7,93,Pa10,13.00
727,8,7,92,PaC9,18.00
728,9,7,92,PaC9,18.00
729,5,7,92,PaC9,18.00
730,18,7,92,PaC9,18.00
731,10,7,92,PaC9,18.00
733,10,7,91,PaC8,18.00
735,4,7,92,PaC9,16.00
736,11,7,92,PaC9,16.00
737,7,7,91,PaC8,0.00
738,7,7,35,PaC7,0.00
739,2,1,89,PC3,17.00
740,1,1,89,PC3,17.00
741,1,1,15,N3,8.00
742,2,1,15,N3,9.00
743,21,3,69,Pa5,0.00
744,21,3,3,PPaC,0.00
745,33,3,69,Pa5,0.00
746,33,3,3,PPaC,0.00
747,20,3,5,EF,6.00
748,20,3,57,N3,6.00
749,26,3,5,EF,6.00
750,28,3,5,EF,15.00
751,26,3,57,N3,6.00
752,28,3,57,N3,15.00
753,29,3,5,EF,18.00
754,23,3,5,EF,7.00
755,23,3,57,N3,7.00
756,29,3,57,N3,18.00
757,21,3,5,EF,0.00
758,27,3,5,EF,0.00
759,33,3,5,EF,0.00
760,34,3,5,EF,0.00
761,25,3,5,EF,6.00
762,33,3,57,N3,0.00
763,34,3,57,N3,0.00
764,21,3,57,N3,0.00
765,25,3,57,N3,6.00
766,27,3,57,N3,0.00
767,30,3,5,EF,14.00
768,30,3,57,N3,14.00
769,58,8,128,T1,16.00
770,65,8,128,T1,16.00
771,40,8,128,T1,16.00
772,44,8,128,T1,16.00
773,47,8,128,T1,16.00
774,55,8,128,T1,16.00
775,66,8,128,T1,16.00
776,68,8,128,T1,16.00
777,69,8,128,T1,16.00
778,71,8,128,T1,16.00
779,38,8,128,T1,15.00
780,56,8,128,T1,15.00
781,61,8,128,T1,15.00
782,39,8,128,T1,15.00
783,45,8,128,T1,16.00
784,46,8,128,T1,16.00
785,51,8,128,T1,16.00
786,54,8,128,T1,16.00
787,60,8,128,T1,16.00
788,62,8,128,T1,16.00
789,36,8,128,T1,15.00
790,42,8,128,T1,15.00
791,49,8,128,T1,15.00
792,52,8,128,T1,15.00
793,67,8,128,T1,15.00
794,43,8,128,T1,15.00
795,48,8,128,T1,15.00
796,50,8,128,T1,15.00
797,63,8,128,T1,15.00
798,70,8,128,T1,15.00
799,91,9,164,T1,16.00
800,100,9,164,T1,16.00
801,102,9,164,T1,16.00
802,103,9,164,T1,16.00
803,78,9,164,T1,16.00
804,88,9,164,T1,16.00
805,94,9,164,T1,16.00
806,108,9,164,T1,16.00
807,98,9,164,T1,16.00
808,104,9,164,T1,16.00
809,107,9,164,T1,16.00
810,109,9,164,T1,16.00
811,74,9,164,T1,16.00
812,75,9,164,T1,16.00
813,82,9,164,T1,16.00
814,86,9,164,T1,16.00
815,93,9,164,T1,16.00
816,72,9,164,T1,16.00
817,83,9,164,T1,16.00
818,89,9,164,T1,16.00
819,97,9,164,T1,16.00
820,99,9,164,T1,16.00
821,106,9,164,T1,16.00
822,73,9,164,T1,16.00
823,81,9,164,T1,16.00
824,87,9,164,T1,16.00
825,92,9,164,T1,16.00
826,77,9,164,T1,16.00
827,79,9,164,T1,16.00
828,95,9,164,T1,16.00
829,105,9,164,T1,16.00
830,43,8,129,T2,17.00
831,48,8,129,T2,17.00
832,50,8,129,T2,17.00
833,63,8,129,T2,17.00
834,70,8,129,T2,17.00
835,37,8,129,T2,15.00
836,40,8,129,T2,15.00
837,44,8,129,T2,15.00
838,58,8,129,T2,15.00
839,59,8,129,T2,15.00
840,65,8,129,T2,15.00
841,38,8,129,T2,14.00
842,39,8,129,T2,14.00
843,53,8,129,T2,14.00
844,56,8,129,T2,14.00
845,57,8,129,T2,14.00
846,61,8,129,T2,14.00
847,36,8,129,T2,14.00
848,42,8,129,T2,14.00
849,49,8,129,T2,14.00
850,52,8,129,T2,14.00
851,64,8,129,T2,14.00
852,67,8,129,T2,14.00
853,47,8,129,T2,14.00
854,55,8,129,T2,14.00
855,66,8,129,T2,14.00
856,68,8,129,T2,14.00
857,69,8,129,T2,14.00
858,71,8,129,T2,14.00
859,45,8,129,T2,14.00
860,46,8,129,T2,14.00
861,51,8,129,T2,14.00
862,54,8,129,T2,14.00
863,60,8,129,T2,14.00
864,62,8,129,T2,14.00
865,45,8,130,T3,15.00
866,46,8,130,T3,15.00
867,51,8,130,T3,15.00
868,54,8,130,T3,15.00
869,60,8,130,T3,15.00
870,62,8,130,T3,15.00
871,43,8,130,T3,13.00
872,48,8,130,T3,13.00
873,50,8,130,T3,13.00
874,63,8,130,T3,13.00
875,70,8,130,T3,13.00
876,47,8,130,T3,13.00
877,55,8,130,T3,13.00
878,66,8,130,T3,13.00
879,68,8,130,T3,13.00
880,69,8,130,T3,13.00
881,71,8,130,T3,13.00
882,36,8,130,T3,13.00
883,42,8,130,T3,13.00
884,49,8,130,T3,13.00
885,52,8,130,T3,13.00
886,64,8,130,T3,13.00
887,67,8,130,T3,13.00
888,38,8,130,T3,14.00
889,39,8,130,T3,14.00
890,53,8,130,T3,14.00
891,56,8,130,T3,14.00
892,57,8,130,T3,14.00
893,61,8,130,T3,14.00
894,37,8,130,T3,13.00
895,40,8,130,T3,13.00
896,44,8,130,T3,13.00
897,58,8,130,T3,13.00
898,59,8,130,T3,13.00
899,65,8,130,T3,13.00
900,43,8,131,T4,14.00
901,48,8,131,T4,14.00
902,50,8,131,T4,14.00
903,63,8,131,T4,14.00
904,70,8,131,T4,14.00
905,47,8,131,T4,14.00
906,55,8,131,T4,14.00
907,66,8,131,T4,14.00
908,68,8,131,T4,14.00
909,69,8,131,T4,14.00
910,71,8,131,T4,14.00
911,37,8,131,T4,16.00
912,40,8,131,T4,16.00
913,44,8,131,T4,16.00
914,58,8,131,T4,16.00
915,59,8,131,T4,16.00
916,65,8,131,T4,16.00
917,45,8,131,T4,18.00
918,46,8,131,T4,18.00
919,51,8,131,T4,18.00
920,54,8,131,T4,18.00
921,60,8,131,T4,18.00
922,62,8,131,T4,18.00
923,36,8,131,T4,18.00
924,42,8,131,T4,18.00
925,49,8,131,T4,18.00
926,52,8,131,T4,18.00
927,64,8,131,T4,18.00
928,67,8,131,T4,18.00
929,38,8,131,T4,14.00
930,39,8,131,T4,14.00
931,53,8,131,T4,14.00
932,56,8,131,T4,14.00
933,57,8,131,T4,14.00
934,61,8,131,T4,14.00
935,43,8,132,T5,13.00
936,48,8,132,T5,13.00
937,50,8,132,T5,13.00
938,63,8,132,T5,13.00
939,70,8,132,T5,13.00
940,45,8,132,T5,16.00
941,46,8,132,T5,16.00
942,51,8,132,T5,16.00
943,54,8,132,T5,16.00
944,60,8,132,T5,16.00
945,62,8,132,T5,16.00
946,36,8,132,T5,15.00
947,42,8,132,T5,15.00
948,49,8,132,T5,15.00
949,52,8,132,T5,15.00
950,64,8,132,T5,15.00
951,67,8,132,T5,15.00
952,38,8,132,T5,15.00
953,39,8,132,T5,15.00
954,53,8,132,T5,15.00
955,56,8,132,T5,15.00
956,57,8,132,T5,15.00
957,61,8,132,T5,15.00
958,37,8,132,T5,14.00
959,40,8,132,T5,14.00
960,44,8,132,T5,14.00
961,58,8,132,T5,14.00
962,59,8,132,T5,0.00
963,65,8,132,T5,14.00
964,47,8,132,T5,7.00
965,55,8,132,T5,7.00
966,66,8,132,T5,7.00
967,68,8,132,T5,7.00
968,69,8,132,T5,7.00
969,71,8,132,T5,7.00
970,43,8,133,T6,14.00
971,48,8,133,T6,14.00
972,50,8,133,T6,14.00
973,63,8,133,T6,14.00
974,70,8,133,T6,14.00
975,45,8,133,T6,15.00
976,46,8,133,T6,15.00
977,51,8,133,T6,15.00
978,54,8,133,T6,15.00
979,60,8,133,T6,15.00
980,62,8,133,T6,15.00
981,36,8,133,T6,15.00
982,42,8,133,T6,15.00
983,49,8,133,T6,15.00
984,52,8,133,T6,15.00
985,64,8,133,T6,15.00
986,67,8,133,T6,15.00
987,37,8,133,T6,15.00
988,40,8,133,T6,15.00
989,44,8,133,T6,15.00
990,58,8,133,T6,15.00
991,59,8,133,T6,0.00
992,65,8,133,T6,15.00
993,47,8,133,T6,14.00
994,55,8,133,T6,14.00
995,66,8,133,T6,14.00
996,68,8,133,T6,14.00
997,69,8,133,T6,14.00
998,71,8,133,T6,14.00
999,38,8,133,T6,13.00
1000,39,8,133,T6,13.00
1001,53,8,133,T6,13.00
1002,56,8,133,T6,13.00
1003,57,8,133,T6,13.00
1004,61,8,133,T6,13.00
1005,64,8,114,TPP,13.40
1006,65,8,114,TPP,13.33
1007,66,8,114,TPP,13.25
1008,67,8,114,TPP,14.64
1009,68,8,114,TPP,13.25
1010,69,8,114,TPP,13.25
1011,70,8,114,TPP,12.50
1012,71,8,114,TPP,12.00
1013,36,8,114,TPP,14.64
1014,37,8,114,TPP,13.09
1015,38,8,114,TPP,13.46
1016,39,8,114,TPP,13.46
1017,40,8,114,TPP,13.33
1018,42,8,114,TPP,14.64
1019,43,8,114,TPP,13.33
1020,44,8,114,TPP,13.33
1021,45,8,114,TPP,15.42
1022,46,8,114,TPP,15.42
1023,47,8,114,TPP,13.25
1024,48,8,114,TPP,12.50
1025,49,8,114,TPP,13.55
1026,50,8,114,TPP,12.50
1027,51,8,114,TPP,15.42
1028,52,8,114,TPP,14.64
1029,53,8,114,TPP,12.33
1030,54,8,114,TPP,15.42
1031,55,8,114,TPP,13.25
1032,56,8,114,TPP,12.54
1033,57,8,114,TPP,13.33
1034,58,8,114,TPP,14.58
1035,59,8,114,TPP,10.45
1036,60,8,114,TPP,15.42
1037,61,8,114,TPP,13.46
1038,62,8,114,TPP,14.00
1039,63,8,114,TPP,13.33
1040,43,8,111,EPP,12.00
1041,48,8,111,EPP,12.00
1042,50,8,111,EPP,12.00
1043,63,8,111,EPP,12.00
1044,70,8,111,EPP,12.00
1045,47,8,111,EPP,12.00
1046,55,8,111,EPP,12.00
1047,66,8,111,EPP,12.00
1048,68,8,111,EPP,12.00
1049,69,8,111,EPP,12.00
1050,71,8,111,EPP,12.00
1051,37,8,111,EPP,13.00
1052,40,8,111,EPP,13.00
1053,44,8,111,EPP,13.00
1054,58,8,111,EPP,13.00
1055,59,8,111,EPP,0.00
1056,65,8,111,EPP,13.00
1057,38,8,111,EPP,13.00
1058,39,8,111,EPP,13.00
1059,53,8,111,EPP,13.00
1060,56,8,111,EPP,13.00
1061,57,8,111,EPP,13.00
1062,61,8,111,EPP,13.00
1063,45,8,111,EPP,16.00
1064,46,8,111,EPP,16.00
1065,51,8,111,EPP,16.00
1066,54,8,111,EPP,16.00
1067,60,8,111,EPP,16.00
1068,62,8,111,EPP,16.00
1069,36,8,111,EPP,16.00
1070,42,8,111,EPP,16.00
1071,49,8,111,EPP,16.00
1072,52,8,111,EPP,16.00
1073,64,8,111,EPP,16.00
1074,67,8,111,EPP,16.00
1075,64,8,108,N1,16.00
1076,65,8,108,N1,13.00
1077,66,8,108,N1,12.00
1078,67,8,108,N1,16.00
1079,68,8,108,N1,12.00
1080,69,8,108,N1,12.00
1081,70,8,108,N1,12.00
1082,71,8,108,N1,12.00
1083,36,8,108,N1,16.00
1084,37,8,108,N1,13.00
1085,38,8,108,N1,13.00
1086,39,8,108,N1,13.00
1087,40,8,108,N1,13.00
1088,42,8,108,N1,16.00
1089,43,8,108,N1,12.00
1090,44,8,108,N1,13.00
1091,45,8,108,N1,16.00
1092,46,8,108,N1,16.00
1093,47,8,108,N1,12.00
1094,48,8,108,N1,12.00
1095,49,8,108,N1,16.00
1096,50,8,108,N1,12.00
1097,51,8,108,N1,16.00
1098,52,8,108,N1,16.00
1099,53,8,108,N1,13.00
1100,54,8,108,N1,16.00
1101,55,8,108,N1,12.00
1102,56,8,108,N1,13.00
1103,57,8,108,N1,13.00
1104,58,8,108,N1,13.00
1105,59,8,108,N1,0.00
1106,60,8,108,N1,16.00
1107,61,8,108,N1,13.00
1108,62,8,108,N1,16.00
1109,63,8,108,N1,12.00
1110,72,9,165,T2,15.00
1111,83,9,165,T2,15.00
1112,89,9,165,T2,15.00
1113,97,9,165,T2,15.00
1114,99,9,165,T2,0.00
1115,106,9,165,T2,15.00
1116,91,9,165,T2,14.00
1117,100,9,165,T2,14.00
1118,102,9,165,T2,14.00
1119,103,9,165,T2,0.00
1120,74,9,165,T2,0.00
1121,75,9,165,T2,14.00
1122,76,9,165,T2,14.00
1123,82,9,165,T2,14.00
1124,86,9,165,T2,14.00
1125,93,9,165,T2,14.00
1126,78,9,165,T2,15.00
1127,84,9,165,T2,15.00
1128,88,9,165,T2,15.00
1129,94,9,165,T2,0.00
1130,96,9,165,T2,15.00
1131,108,9,165,T2,15.00
1132,98,9,165,T2,14.00
1133,104,9,165,T2,14.00
1134,107,9,165,T2,14.00
1135,109,9,165,T2,14.00
1136,73,9,165,T2,15.00
1137,81,9,165,T2,15.00
1138,87,9,165,T2,15.00
1139,90,9,165,T2,15.00
1140,92,9,165,T2,15.00
1141,77,9,165,T2,0.00
1142,79,9,165,T2,0.00
1143,80,9,165,T2,0.00
1144,95,9,165,T2,14.00
1145,101,9,165,T2,0.00
1146,105,9,165,T2,0.00
1147,78,9,166,T3,18.00
1148,84,9,166,T3,18.00
1149,88,9,166,T3,18.00
1150,94,9,166,T3,18.00
1151,96,9,166,T3,18.00
1152,108,9,166,T3,18.00
1153,98,9,166,T3,18.00
1154,104,9,166,T3,18.00
1155,107,9,166,T3,18.00
1156,109,9,166,T3,18.00
1157,77,9,166,T3,13.00
1158,79,9,166,T3,13.00
1159,80,9,166,T3,13.00
1160,95,9,166,T3,13.00
1161,101,9,166,T3,13.00
1162,105,9,166,T3,13.00
1163,74,9,166,T3,15.00
1164,75,9,166,T3,15.00
1165,76,9,166,T3,15.00
1166,82,9,166,T3,15.00
1167,86,9,166,T3,15.00
1168,93,9,166,T3,15.00
1169,72,9,166,T3,15.00
1170,83,9,166,T3,15.00
1171,89,9,166,T3,15.00
1172,97,9,166,T3,15.00
1173,99,9,166,T3,15.00
1174,106,9,166,T3,15.00
1175,91,9,166,T3,13.00
1176,100,9,166,T3,13.00
1177,102,9,166,T3,13.00
1178,103,9,166,T3,13.00
1179,73,9,166,T3,13.00
1180,81,9,166,T3,13.00
1181,87,9,166,T3,13.00
1182,90,9,166,T3,13.00
1183,92,9,166,T3,13.00
1184,78,9,167,T4,15.00
1185,84,9,167,T4,15.00
1186,88,9,167,T4,15.00
1187,94,9,167,T4,15.00
1188,96,9,167,T4,15.00
1189,108,9,167,T4,15.00
1190,98,9,167,T4,13.00
1191,104,9,167,T4,13.00
1192,107,9,167,T4,13.00
1193,109,9,167,T4,13.00
1194,77,9,167,T4,13.00
1195,79,9,167,T4,13.00
1196,80,9,167,T4,13.00
1197,95,9,167,T4,13.00
1198,101,9,167,T4,13.00
1199,105,9,167,T4,13.00
1200,74,9,167,T4,15.00
1201,75,9,167,T4,15.00
1202,76,9,167,T4,15.00
1203,82,9,167,T4,15.00
1204,86,9,167,T4,15.00
1205,93,9,167,T4,15.00
1206,91,9,167,T4,13.00
1207,100,9,167,T4,13.00
1208,102,9,167,T4,13.00
1209,103,9,167,T4,13.00
1210,72,9,167,T4,17.00
1211,83,9,167,T4,17.00
1212,89,9,167,T4,17.00
1213,97,9,167,T4,17.00
1214,99,9,167,T4,0.00
1215,106,9,167,T4,17.00
1216,73,9,167,T4,17.00
1217,81,9,167,T4,17.00
1218,87,9,167,T4,17.00
1219,90,9,167,T4,17.00
1220,92,9,167,T4,17.00
1221,74,9,148,EPP,15.00
1222,75,9,148,EPP,15.00
1223,76,9,148,EPP,15.00
1224,82,9,148,EPP,15.00
1225,86,9,148,EPP,15.00
1226,93,9,148,EPP,15.00
1227,77,9,148,EPP,11.00
1228,79,9,148,EPP,11.00
1229,80,9,148,EPP,0.00
1230,95,9,148,EPP,11.00
1231,101,9,148,EPP,11.00
1232,105,9,148,EPP,11.00
1233,73,9,148,EPP,12.00
1234,81,9,148,EPP,16.00
1235,87,9,148,EPP,16.00
1236,90,9,148,EPP,16.00
1237,92,9,148,EPP,16.00
1238,91,9,148,EPP,14.00
1239,100,9,148,EPP,14.00
1240,102,9,148,EPP,14.00
1241,103,9,148,EPP,14.00
1242,98,9,148,EPP,11.00
1243,104,9,148,EPP,11.00
1244,107,9,148,EPP,11.00
1245,109,9,148,EPP,11.00
1246,78,9,148,EPP,12.00
1247,84,9,148,EPP,12.00
1248,88,9,148,EPP,12.00
1249,94,9,148,EPP,12.00
1250,96,9,148,EPP,12.00
1251,108,9,148,EPP,12.00
1252,72,9,148,EPP,12.00
1253,83,9,148,EPP,12.00
1254,89,9,148,EPP,12.00
1255,97,9,148,EPP,12.00
1256,99,9,148,EPP,0.00
1257,106,9,148,EPP,12.00
1258,72,9,168,T5,14.00
1259,83,9,168,T5,14.00
1260,89,9,168,T5,14.00
1261,97,9,168,T5,14.00
1262,99,9,168,T5,0.00
1263,106,9,168,T5,14.00
1264,78,9,170,T7,0.00
1265,84,9,170,T7,14.00
1266,88,9,170,T7,0.00
1267,94,9,170,T7,0.00
1268,96,9,170,T7,14.00
1269,108,9,170,T7,14.00
1270,73,9,170,T7,15.00
1271,81,9,170,T7,15.00
1272,87,9,170,T7,15.00
1273,90,9,170,T7,15.00
1274,92,9,170,T7,15.00
1275,72,9,170,T7,15.00
1276,83,9,170,T7,15.00
1277,89,9,170,T7,15.00
1278,97,9,170,T7,15.00
1279,99,9,170,T7,0.00
1280,106,9,170,T7,15.00
1281,73,9,168,T5,18.00
1282,81,9,168,T5,18.00
1283,87,9,168,T5,18.00
1284,90,9,168,T5,18.00
1285,92,9,168,T5,18.00
1286,74,9,168,T5,14.00
1287,75,9,168,T5,14.00
1288,76,9,168,T5,14.00
1289,82,9,168,T5,14.00
1290,86,9,168,T5,14.00
1291,93,9,168,T5,14.00
1292,78,9,168,T5,17.00
1293,84,9,168,T5,17.00
1294,88,9,168,T5,17.00
1295,94,9,168,T5,17.00
1296,96,9,168,T5,17.00
1297,108,9,168,T5,17.00
1298,91,9,168,T5,14.00
1299,100,9,168,T5,14.00
1300,102,9,168,T5,14.00
1301,103,9,168,T5,14.00
1302,77,9,168,T5,12.00
1303,79,9,168,T5,12.00
1304,80,9,168,T5,12.00
1305,95,9,168,T5,12.00
1306,101,9,168,T5,12.00
1307,105,9,168,T5,12.00
1308,98,9,168,T5,14.00
1309,104,9,168,T5,14.00
1310,107,9,168,T5,14.00
1311,109,9,168,T5,14.00
1312,91,9,170,T7,12.00
1313,100,9,170,T7,12.00
1314,102,9,170,T7,12.00
1315,103,9,170,T7,12.00
1316,72,9,169,T6,12.00
1317,83,9,169,T6,12.00
1318,89,9,169,T6,12.00
1319,97,9,169,T6,12.00
1320,99,9,169,T6,0.00
1321,106,9,169,T6,12.00
1322,77,9,169,T6,15.00
1323,79,9,169,T6,15.00
1324,80,9,169,T6,15.00
1325,95,9,169,T6,15.00
1326,101,9,169,T6,15.00
1327,105,9,169,T6,15.00
1328,98,9,170,T7,13.00
1329,104,9,170,T7,13.00
1330,107,9,170,T7,13.00
1331,109,9,170,T7,13.00
1332,98,9,169,T6,12.00
1333,104,9,169,T6,12.00
1334,107,9,169,T6,12.00
1335,109,9,169,T6,12.00
1336,74,9,169,T6,14.00
1337,75,9,169,T6,14.00
1338,76,9,169,T6,14.00
1339,82,9,169,T6,14.00
1340,86,9,169,T6,14.00
1341,93,9,169,T6,14.00
1342,91,9,169,T6,16.00
1343,100,9,169,T6,16.00
1344,102,9,169,T6,16.00
1345,103,9,169,T6,16.00
1346,78,9,169,T6,14.00
1347,84,9,169,T6,14.00
1348,88,9,169,T6,14.00
1349,94,9,169,T6,14.00
1350,96,9,169,T6,14.00
1351,108,9,169,T6,14.00
1352,73,9,169,T6,13.00
1353,81,9,169,T6,13.00
1354,87,9,169,T6,13.00
1355,90,9,169,T6,13.00
1356,92,9,169,T6,13.00
1357,72,9,145,N1,12.00
1358,73,9,145,N1,12.00
1359,74,9,145,N1,15.00
1360,75,9,145,N1,15.00
1361,76,9,145,N1,15.00
1362,77,9,145,N1,11.00
1363,78,9,145,N1,12.00
1364,79,9,145,N1,11.00
1365,80,9,145,N1,0.00
1366,81,9,145,N1,16.00
1367,82,9,145,N1,15.00
1368,83,9,145,N1,12.00
1369,84,9,145,N1,12.00
1370,86,9,145,N1,15.00
1371,87,9,145,N1,16.00
1372,88,9,145,N1,12.00
1373,89,9,145,N1,12.00
1374,90,9,145,N1,16.00
1375,91,9,145,N1,14.00
1376,92,9,145,N1,16.00
1377,93,9,145,N1,15.00
1378,94,9,145,N1,12.00
1379,95,9,145,N1,11.00
1380,96,9,145,N1,12.00
1381,97,9,145,N1,12.00
1382,98,9,145,N1,11.00
1383,99,9,145,N1,0.00
1384,100,9,145,N1,14.00
1385,101,9,145,N1,11.00
1386,102,9,145,N1,14.00
1387,103,9,145,N1,14.00
1388,104,9,145,N1,11.00
1389,105,9,145,N1,11.00
1390,106,9,145,N1,12.00
1391,107,9,145,N1,11.00
1392,108,9,145,N1,12.00
1393,109,9,145,N1,11.00
1394,72,9,151,DT,11.45
1395,73,9,151,DT,14.55
1396,74,9,151,DT,13.27
1397,75,9,151,DT,14.55
1398,76,9,151,DT,14.40
1399,77,9,151,DT,12.82
1400,78,9,151,DT,12.40
1401,79,9,151,DT,12.82
1402,80,9,151,DT,11.20
1403,81,9,151,DT,14.55
1404,82,9,151,DT,14.55
1405,83,9,151,DT,11.45
1406,84,9,151,DT,13.56
1407,86,9,151,DT,14.55
1408,87,9,151,DT,14.55
1409,88,9,151,DT,12.40
1410,89,9,151,DT,11.45
1411,90,9,151,DT,14.40
1412,91,9,151,DT,14.27
1413,92,9,151,DT,14.55
1414,93,9,151,DT,14.55
1415,94,9,151,DT,10.90
1416,95,9,151,DT,14.09
1417,96,9,151,DT,11.89
1418,97,9,151,DT,11.45
1419,98,9,151,DT,13.91
1420,99,9,151,DT,3.73
1421,100,9,151,DT,14.27
1422,101,9,151,DT,12.50
1423,102,9,151,DT,14.27
1424,103,9,151,DT,13.91
1425,104,9,151,DT,13.91
1426,105,9,151,DT,12.82
1427,106,9,151,DT,11.45
1428,107,9,151,DT,13.91
1429,108,9,151,DT,13.80
1430,109,9,151,DT,13.91
1431,85,9,148,EPP,16.00
1432,85,9,166,T3,13.00
1433,85,9,167,T4,17.00
1434,85,9,168,T5,18.00
1435,85,9,169,T6,13.00
1436,85,9,170,T7,10.00
1438,85,9,165,T2,0.00
1439,85,9,145,N1,16.00
1440,85,9,151,DT,12.40
1441,74,9,170,T7,12.00
1442,75,9,170,T7,12.00
1443,76,9,170,T7,12.00
1444,82,9,170,T7,12.00
1445,86,9,170,T7,12.00
1446,93,9,170,T7,12.00
1447,77,9,170,T7,13.00
1448,79,9,170,T7,13.00
1449,80,9,170,T7,0.00
1450,95,9,170,T7,13.00
1451,101,9,170,T7,13.00
1452,105,9,170,T7,13.00
1453,99,9,154,Pa3,0.00
1454,97,9,154,Pa3,16.00
1455,91,9,154,Pa3,15.00
1456,102,9,154,Pa3,15.00
1457,100,9,154,Pa3,15.00
1458,82,9,154,Pa3,15.00
1459,86,9,154,Pa3,15.00
1460,76,9,154,Pa3,15.00
1461,108,9,154,Pa3,16.00
1462,94,9,154,Pa3,0.00
1463,74,9,154,Pa3,0.00
1464,103,9,154,Pa3,0.00
1465,109,9,154,Pa3,16.00
1466,73,9,154,Pa3,16.00
1467,95,9,154,Pa3,16.00
1468,77,9,154,Pa3,0.00
1469,79,9,154,Pa3,0.00
1470,80,9,154,Pa3,0.00
1471,101,9,154,Pa3,0.00
1472,105,9,154,Pa3,0.00
1473,88,9,155,Pa4,16.00
1474,104,9,155,Pa4,15.00
1475,107,9,155,Pa4,15.00
1476,98,9,155,Pa4,15.00
1477,110,9,154,Pa3,0.00
1478,110,9,148,EPP,11.00
1479,110,9,170,T7,13.00
1480,110,9,169,T6,12.00
1481,110,9,168,T5,14.00
1482,110,9,167,T4,13.00
1483,110,9,166,T3,18.00
1484,110,9,165,T2,14.00
1485,105,9,155,Pa4,15.00
1486,79,9,155,Pa4,15.00
1487,95,9,155,Pa4,15.00
1488,77,9,155,Pa4,15.00
1489,93,9,155,Pa4,15.00
1490,75,9,155,Pa4,15.00
1491,74,9,155,Pa4,15.00
1492,72,9,155,Pa4,15.00
1493,83,9,155,Pa4,15.00
1494,99,9,155,Pa4,15.00
1495,103,9,155,Pa4,15.00
1496,91,9,155,Pa4,15.00
1497,87,9,155,Pa4,15.00
1498,90,9,155,Pa4,15.00
1499,73,9,155,Pa4,15.00
1500,94,9,156,Pa5,16.00
1501,110,9,156,Pa5,15.00
1502,98,9,156,Pa5,15.00
1503,104,9,156,Pa5,15.00
1504,107,9,156,Pa5,15.00
1505,109,9,156,Pa5,15.00
1506,95,9,156,Pa5,15.00
1507,105,9,156,Pa5,15.00
1508,79,9,156,Pa5,15.00
1509,77,9,156,Pa5,15.00
1510,74,9,156,Pa5,15.00
1511,75,9,156,Pa5,15.00
1512,76,9,156,Pa5,15.00
1513,82,9,156,Pa5,15.00
1514,86,9,156,Pa5,15.00
1515,93,9,156,Pa5,15.00
1516,91,9,156,Pa5,15.00
1517,100,9,156,Pa5,15.00
1518,102,9,156,Pa5,15.00
1519,103,9,156,Pa5,15.00
1520,89,9,156,Pa5,15.00
1521,106,9,156,Pa5,15.00
1522,97,9,156,Pa5,15.00
1523,99,9,156,Pa5,0.00
1524,73,9,156,Pa5,15.00
1525,81,9,156,Pa5,15.00
1526,85,9,156,Pa5,15.00
1527,87,9,156,Pa5,15.00
1528,90,9,156,Pa5,15.00
1529,92,9,156,Pa5,15.00
1530,74,9,159,Pa8,15.00
1531,75,9,159,Pa8,15.00
1532,76,9,159,Pa8,15.00
1533,82,9,159,Pa8,15.00
1534,86,9,159,Pa8,15.00
1535,93,9,159,Pa8,15.00
1536,77,9,159,Pa8,11.00
1537,79,9,159,Pa8,11.00
1538,95,9,159,Pa8,11.00
1539,101,9,159,Pa8,11.00
1540,105,9,159,Pa8,11.00
1541,81,9,159,Pa8,16.00
1542,85,9,159,Pa8,16.00
1543,87,9,159,Pa8,16.00
1544,90,9,159,Pa8,16.00
1545,92,9,159,Pa8,16.00
1546,73,9,159,Pa8,0.00
1547,80,9,159,Pa8,0.00
1548,91,9,159,Pa8,14.00
1549,100,9,159,Pa8,14.00
1550,102,9,159,Pa8,14.00
1551,103,9,159,Pa8,14.00
1552,110,9,159,Pa8,11.00
1553,98,9,159,Pa8,11.00
1554,104,9,159,Pa8,11.00
1555,107,9,159,Pa8,11.00
1556,109,9,159,Pa8,11.00
1557,78,9,159,Pa8,11.00
1558,84,9,159,Pa8,11.00
1559,88,9,159,Pa8,11.00
1560,94,9,159,Pa8,11.00
1561,96,9,159,Pa8,11.00
1562,108,9,159,Pa8,11.00
1563,72,9,159,Pa8,11.00
1564,83,9,159,Pa8,11.00
1565,89,9,159,Pa8,11.00
1566,97,9,159,Pa8,11.00
1567,99,9,159,Pa8,11.00
1568,106,9,159,Pa8,11.00
1569,87,9,160,Pa9,17.00
1570,84,9,160,Pa9,16.00
1571,73,9,160,Pa9,16.00
1572,92,9,161,Pa10,15.00
1573,87,9,161,Pa10,17.00
1574,85,9,161,Pa10,0.00
1575,90,9,161,Pa10,0.00
1576,83,9,161,Pa10,17.00
1577,97,9,161,Pa10,0.00
1578,84,9,161,Pa10,17.00
1579,88,9,161,Pa10,0.00
1580,94,9,161,Pa10,0.00
1581,78,9,161,Pa10,0.00
1582,91,9,161,Pa10,17.00
1583,107,9,161,Pa10,15.00
1584,109,9,161,Pa10,15.00
1585,75,9,161,Pa10,15.00
1586,93,9,161,Pa10,15.00
1587,105,9,161,Pa10,15.00
1588,95,9,161,Pa10,15.00
1589,107,9,162,Pa11,15.00
1590,109,9,162,Pa11,0.00
1591,97,9,162,Pa11,15.00
1592,83,9,162,Pa11,15.00
1593,100,9,162,Pa11,14.00
1594,91,9,162,Pa11,14.00
1595,103,9,162,Pa11,16.00
1596,81,9,162,Pa11,15.00
1597,87,9,162,Pa11,15.00
1598,110,9,171,T8,10.00
1599,98,9,171,T8,10.00
1600,104,9,171,T8,10.00
1601,107,9,171,T8,10.00
1602,109,9,171,T8,10.00
1603,72,9,171,T8,10.00
1604,83,9,171,T8,10.00
1605,89,9,171,T8,10.00
1606,97,9,171,T8,10.00
1607,99,9,171,T8,10.00
1608,106,9,171,T8,10.00
1609,91,9,171,T8,10.00
1610,100,9,171,T8,10.00
1611,102,9,171,T8,10.00
1612,103,9,171,T8,10.00
1613,73,9,171,T8,12.00
1614,81,9,171,T8,12.00
1615,85,9,171,T8,12.00
1616,87,9,171,T8,12.00
1617,90,9,171,T8,12.00
1618,92,9,171,T8,12.00
1619,110,9,145,N1,11.00
1620,72,9,150,PaC,13.67
1621,73,9,150,PaC,12.63
1622,74,9,150,PaC,10.50
1623,75,9,150,PaC,15.13
1624,76,9,150,PaC,15.00
1625,77,9,150,PaC,8.50
1626,78,9,150,PaC,8.33
1627,79,9,150,PaC,10.50
1628,80,9,150,PaC,0.00
1629,81,9,150,PaC,14.33
1630,82,9,150,PaC,9.67
1631,83,9,150,PaC,14.50
1632,84,9,150,PaC,15.83
1633,85,9,150,PaC,11.20
1634,86,9,150,PaC,11.50
1635,87,9,150,PaC,15.80
1636,88,9,150,PaC,11.20
1637,89,9,150,PaC,14.25
1638,90,9,150,PaC,12.14
1639,91,9,150,PaC,15.44
1640,92,9,150,PaC,14.20
1641,93,9,150,PaC,14.86
1642,94,9,150,PaC,8.40
1643,95,9,150,PaC,15.30
1644,96,9,150,PaC,3.67
1645,97,9,150,PaC,12.57
1646,98,9,150,PaC,13.17
1647,99,9,150,PaC,6.50
1648,100,9,150,PaC,15.00
1649,101,9,150,PaC,8.67
1650,102,9,150,PaC,15.00
1651,103,9,150,PaC,13.25
1652,104,9,150,PaC,13.50
1653,105,9,150,PaC,12.13
1654,106,9,150,PaC,13.00
1655,107,9,150,PaC,13.38
1656,108,9,150,PaC,14.25
1657,109,9,150,PaC,12.13
1658,110,9,150,PaC,10.83
1659,110,9,151,DT,13.70
1660,72,9,146,N2,12.00
1661,73,9,146,N2,14.00
1662,74,9,146,N2,13.00
1663,75,9,146,N2,15.00
1664,76,9,146,N2,15.00
1665,77,9,146,N2,12.00
1666,78,9,146,N2,12.00
1667,79,9,146,N2,12.00
1668,80,9,146,N2,9.00
1669,81,9,146,N2,15.00
1670,82,9,146,N2,14.00
1671,83,9,146,N2,12.00
1672,84,9,146,N2,14.00
1673,85,9,146,N2,12.00
1674,86,9,146,N2,14.00
1675,87,9,146,N2,15.00
1676,88,9,146,N2,12.00
1677,89,9,146,N2,12.00
1678,90,9,146,N2,14.00
1679,91,9,146,N2,15.00
1680,92,9,146,N2,14.00
1681,93,9,146,N2,15.00
1682,94,9,146,N2,10.00
1683,95,9,146,N2,14.00
1684,96,9,146,N2,10.00
1685,97,9,146,N2,12.00
1686,98,9,146,N2,14.00
1687,99,9,146,N2,4.00
1688,100,9,146,N2,14.00
1689,101,9,146,N2,12.00
1690,102,9,146,N2,14.00
1691,103,9,146,N2,14.00
1692,104,9,146,N2,14.00
1693,105,9,146,N2,13.00
1694,106,9,146,N2,12.00
1695,107,9,146,N2,14.00
1696,108,9,146,N2,14.00
1697,109,9,146,N2,14.00
1698,110,9,146,N2,13.00
1699,72,9,144,PROM,10.00
1700,73,9,144,PROM,14.00
1701,74,9,144,PROM,13.00
1702,75,9,144,PROM,15.00
1703,76,9,144,PROM,15.00
1704,77,9,144,PROM,12.00
1705,78,9,144,PROM,13.00
1706,79,9,144,PROM,12.00
1707,80,9,144,PROM,5.00
1708,81,9,144,PROM,16.00
1709,82,9,144,PROM,14.00
1710,83,9,144,PROM,10.00
1711,84,9,144,PROM,14.00
1712,85,9,144,PROM,14.00
1713,86,9,144,PROM,14.00
1714,87,9,144,PROM,16.00
1715,88,9,144,PROM,13.00
1716,89,9,144,PROM,12.00
1717,90,9,144,PROM,15.00
1718,91,9,144,PROM,14.00
1719,92,9,144,PROM,15.00
1720,93,9,144,PROM,15.00
1721,94,9,144,PROM,12.00
1722,95,9,144,PROM,13.00
1723,96,9,144,PROM,12.00
1724,97,9,144,PROM,12.00
1725,98,9,144,PROM,13.00
1726,99,9,144,PROM,2.00
1727,100,9,144,PROM,14.00
1728,101,9,144,PROM,12.00
1729,102,9,144,PROM,14.00
1730,103,9,144,PROM,14.00
1731,104,9,144,PROM,13.00
1732,105,9,144,PROM,12.00
1733,106,9,144,PROM,10.00
1734,107,9,144,PROM,13.00
1735,108,9,144,PROM,14.00
1736,109,9,144,PROM,13.00
1737,110,9,144,PROM,13.00
1738,86,9,161,Pa10,0.00
1739,77,9,161,Pa10,0.00
1740,79,9,161,Pa10,0.00
1741,101,9,161,Pa10,0.00
1742,96,9,161,Pa10,0.00
1743,39,8,143,PC2,9.00
1744,66,8,143,PC2,9.00
1745,63,8,143,PC2,9.00
1746,71,8,143,PC2,8.00
1747,62,8,143,PC2,8.00
1748,52,8,143,PC2,8.00
1749,60,8,143,PC2,9.00
1750,58,8,143,PC2,9.00
1751,50,8,143,PC2,9.00
1752,53,8,143,PC2,7.00
1753,48,8,143,PC2,7.00
1754,55,8,143,PC2,7.00
1755,70,8,143,PC2,6.00
1756,37,8,143,PC2,6.00
1757,49,8,143,PC2,6.00
1758,67,8,143,PC2,14.00
1759,51,8,143,PC2,14.00
1760,47,8,143,PC2,14.00
1761,56,8,143,PC2,8.00
1762,40,8,143,PC2,6.00
1763,45,8,143,PC2,NULL
1764,57,8,143,PC2,6.00
1765,54,8,143,PC2,10.00
1766,43,8,143,PC2,10.00
1767,42,8,143,PC2,10.00
1768,44,8,143,PC2,10.00
1769,38,8,143,PC2,8.00
1770,36,8,143,PC2,8.00
1771,68,8,143,PC2,10.00
1772,46,8,143,PC2,10.00
1773,64,8,143,PC2,8.00
1774,65,8,143,PC2,6.00
1775,61,8,143,PC2,5.00
1776,41,8,143,PC2,0.00
1777,59,8,143,PC2,0.00
1778,69,8,143,PC2,0.00
1779,86,9,163,Pa12,14.00
1780,75,9,163,Pa12,16.00
1781,105,9,163,Pa12,14.00
1782,95,9,163,Pa12,16.00
1783,108,9,163,Pa12,15.00
1784,84,9,163,Pa12,17.00
1785,97,9,163,Pa12,16.00
1786,87,9,163,Pa12,17.00
1787,89,9,163,Pa12,16.00
1788,74,9,171,T8,14.00
1789,75,9,171,T8,14.00
1790,76,9,171,T8,14.00
1791,82,9,171,T8,14.00
1792,86,9,171,T8,14.00
1793,93,9,171,T8,14.00
1794,77,9,171,T8,14.00
1795,79,9,171,T8,14.00
1796,80,9,171,T8,14.00
1797,95,9,171,T8,14.00
1798,101,9,171,T8,14.00
1799,105,9,171,T8,14.00
1800,78,9,171,T8,14.00
1801,84,9,171,T8,14.00
1802,88,9,171,T8,14.00
1803,94,9,171,T8,14.00
1804,96,9,171,T8,14.00
1805,108,9,171,T8,14.00
1806,73,9,152,Pa13,14.00
1807,90,9,152,Pa13,13.00
1808,87,9,152,Pa13,14.00
1809,81,9,152,Pa13,13.00
1810,73,9,172,T9,14.00
1811,81,9,172,T9,14.00
1812,85,9,172,T9,14.00
1813,87,9,172,T9,14.00
1814,90,9,172,T9,14.00
1815,92,9,172,T9,14.00
1816,91,9,152,Pa13,16.00
1817,103,9,152,Pa13,14.00
1818,91,9,172,T9,15.00
1819,100,9,172,T9,15.00
1820,102,9,172,T9,15.00
1821,103,9,172,T9,15.00
1822,104,9,152,Pa13,16.00
1823,110,9,172,T9,15.00
1824,98,9,172,T9,15.00
1825,104,9,172,T9,15.00
1826,107,9,172,T9,15.00
1827,109,9,172,T9,15.00
1828,74,9,172,T9,15.00
1829,75,9,172,T9,15.00
1830,76,9,172,T9,15.00
1831,82,9,172,T9,15.00
1832,86,9,172,T9,15.00
1833,93,9,172,T9,15.00
1834,75,9,152,Pa13,16.00
1835,86,9,152,Pa13,14.00
1836,93,9,152,Pa13,14.00
1837,101,9,152,Pa13,14.00
1838,79,9,152,Pa13,14.00
1839,95,9,152,Pa13,17.00
1840,77,9,172,T9,18.00
1841,79,9,172,T9,18.00
1842,80,9,172,T9,18.00
1843,95,9,172,T9,18.00
1844,101,9,172,T9,18.00
1845,105,9,172,T9,18.00
1846,72,9,172,T9,0.00
1847,83,9,172,T9,0.00
1848,89,9,172,T9,0.00
1849,97,9,172,T9,0.00
1850,99,9,172,T9,0.00
1851,106,9,172,T9,0.00
1852,96,9,172,T9,0.00
1853,96,9,152,Pa13,0.00
1854,88,9,152,Pa13,14.00
1855,84,9,152,Pa13,17.00
1856,78,9,172,T9,15.00
1857,84,9,172,T9,15.00
1858,88,9,172,T9,15.00
1859,94,9,172,T9,15.00
1860,108,9,172,T9,15.00
1861,74,9,173,T10,0.00
1862,75,9,173,T10,0.00
1863,76,9,173,T10,0.00
1864,82,9,173,T10,0.00
1865,86,9,173,T10,0.00
1866,93,9,173,T10,0.00
1867,74,9,174,T11,16.00
1868,75,9,174,T11,16.00
1869,76,9,174,T11,16.00
1870,82,9,174,T11,16.00
1871,86,9,174,T11,16.00
1872,93,9,174,T11,16.00
1873,74,9,175,T12,15.00
1874,75,9,175,T12,15.00
1875,76,9,175,T12,15.00
1876,82,9,175,T12,15.00
1877,86,9,175,T12,15.00
1878,93,9,175,T12,15.00
1879,75,9,157,Pa15,15.00
1880,86,9,157,Pa15,5.00
1881,74,9,157,Pa15,5.00
1882,93,9,157,Pa15,16.00
1883,76,9,153,Pa14,15.00
1884,76,9,157,Pa15,16.00
1885,91,9,173,T10,17.00
1886,100,9,173,T10,17.00
1887,102,9,173,T10,17.00
1888,103,9,173,T10,17.00
1889,91,9,175,T12,12.00
1890,100,9,175,T12,12.00
1891,102,9,175,T12,12.00
1892,103,9,175,T12,12.00
1893,100,9,153,Pa14,16.00
1894,91,9,157,Pa15,17.00
1895,103,9,157,Pa15,16.00
1896,91,9,174,T11,15.00
1897,100,9,174,T11,15.00
1898,102,9,174,T11,15.00
1899,103,9,174,T11,15.00
1900,102,9,157,Pa15,15.00
1901,77,9,173,T10,0.00
1902,79,9,173,T10,0.00
1903,80,9,173,T10,0.00
1904,95,9,173,T10,0.00
1905,101,9,173,T10,0.00
1906,105,9,173,T10,0.00
1907,77,9,174,T11,11.00
1908,79,9,174,T11,11.00
1909,80,9,174,T11,11.00
1910,95,9,174,T11,11.00
1911,101,9,174,T11,11.00
1912,105,9,174,T11,11.00
1913,101,9,157,Pa15,13.00
1914,79,9,157,Pa15,15.00
1915,105,9,157,Pa15,13.00
1916,95,9,157,Pa15,16.00
1917,77,9,175,T12,16.00
1918,79,9,175,T12,16.00
1919,80,9,175,T12,16.00
1920,95,9,175,T12,16.00
1921,101,9,175,T12,16.00
1922,105,9,175,T12,16.00
1923,72,9,173,T10,0.00
1924,83,9,173,T10,0.00
1925,89,9,173,T10,0.00
1926,97,9,173,T10,0.00
1927,99,9,173,T10,0.00
1928,106,9,173,T10,0.00
1929,72,9,174,T11,0.00
1930,83,9,174,T11,0.00
1931,89,9,174,T11,0.00
1932,97,9,174,T11,0.00
1933,99,9,174,T11,0.00
1934,106,9,174,T11,0.00
1935,72,9,175,T12,12.00
1936,83,9,175,T12,12.00
1937,89,9,175,T12,12.00
1938,97,9,175,T12,12.00
1939,99,9,175,T12,0.00
1940,106,9,175,T12,12.00
1941,72,9,157,Pa15,15.00
1942,95,9,153,Pa14,16.00
1943,110,9,173,T10,14.00
1944,98,9,173,T10,14.00
1945,104,9,173,T10,14.00
1946,107,9,173,T10,14.00
1947,109,9,173,T10,14.00
1948,98,9,153,Pa14,14.00
1949,110,9,153,Pa14,14.00
1950,107,9,153,Pa14,12.00
1951,109,9,153,Pa14,12.00
1952,110,9,157,Pa15,12.00
1953,98,9,157,Pa15,10.00
1954,104,9,157,Pa15,10.00
1955,107,9,157,Pa15,10.00
1956,109,9,157,Pa15,14.00
1957,110,9,174,T11,12.00
1958,98,9,174,T11,12.00
1959,104,9,174,T11,12.00
1960,107,9,174,T11,12.00
1961,109,9,174,T11,12.00
1962,78,9,173,T10,0.00
1963,84,9,173,T10,0.00
1964,88,9,173,T10,0.00
1965,94,9,173,T10,0.00
1966,96,9,173,T10,0.00
1967,108,9,173,T10,0.00
1968,73,9,173,T10,0.00
1969,81,9,173,T10,0.00
1970,85,9,173,T10,0.00
1971,87,9,173,T10,0.00
1972,90,9,173,T10,0.00
1973,92,9,173,T10,0.00
1974,110,9,175,T12,12.00
1975,98,9,175,T12,12.00
1976,104,9,175,T12,12.00
1977,107,9,175,T12,12.00
1978,109,9,175,T12,12.00
1979,73,9,174,T11,15.00
1980,81,9,174,T11,15.00
1981,85,9,174,T11,15.00
1982,87,9,174,T11,15.00
1983,90,9,174,T11,15.00
1984,92,9,174,T11,15.00
1985,87,9,157,Pa15,15.00
1986,81,9,157,Pa15,12.00
1987,85,9,157,Pa15,11.00
1988,90,9,157,Pa15,12.00
1989,92,9,157,Pa15,11.00
1990,73,9,157,Pa15,11.00
1991,73,9,175,T12,12.00
1992,81,9,175,T12,12.00
1993,85,9,175,T12,12.00
1994,87,9,175,T12,12.00
1995,90,9,175,T12,12.00
1996,92,9,175,T12,12.00
1997,78,9,174,T11,0.00
1998,84,9,174,T11,0.00
1999,88,9,174,T11,0.00
2000,94,9,174,T11,0.00
2001,96,9,174,T11,0.00
2002,108,9,174,T11,0.00
2003,43,8,116,Pa1,14.00
2004,48,8,116,Pa1,14.00
2005,50,8,116,Pa1,14.00
2006,63,8,116,Pa1,14.00
2007,70,8,116,Pa1,14.00
2008,36,8,116,Pa1,14.00
2009,42,8,116,Pa1,14.00
2010,49,8,116,Pa1,14.00
2011,52,8,116,Pa1,14.00
2012,64,8,116,Pa1,14.00
2013,67,8,116,Pa1,14.00
2014,45,8,116,Pa1,14.00
2015,46,8,116,Pa1,14.00
2016,51,8,116,Pa1,14.00
2017,54,8,116,Pa1,14.00
2018,60,8,116,Pa1,14.00
2019,62,8,116,Pa1,14.00
2020,37,8,116,Pa1,14.00
2021,40,8,116,Pa1,14.00
2022,44,8,116,Pa1,14.00
2023,58,8,116,Pa1,14.00
2024,59,8,116,Pa1,14.00
2025,65,8,116,Pa1,14.00
2026,47,8,116,Pa1,14.00
2027,55,8,116,Pa1,14.00
2028,66,8,116,Pa1,14.00
2029,68,8,116,Pa1,14.00
2030,69,8,116,Pa1,14.00
2031,71,8,116,Pa1,14.00
2032,38,8,116,Pa1,14.00
2033,39,8,116,Pa1,14.00
2034,53,8,116,Pa1,14.00
2035,56,8,116,Pa1,14.00
2036,57,8,116,Pa1,14.00
2037,61,8,116,Pa1,14.00
2038,51,8,117,Pa2,16.00
2039,54,8,117,Pa2,16.00
2040,43,8,117,Pa2,15.00
2041,48,8,117,Pa2,14.00
2042,63,8,117,Pa2,14.00
2043,69,8,117,Pa2,15.00
2044,55,8,117,Pa2,15.00
2045,47,8,117,Pa2,15.00
2046,49,8,117,Pa2,15.00
2047,56,8,117,Pa2,15.00
2048,38,8,117,Pa2,14.00
2049,61,8,117,Pa2,14.00
2050,39,8,117,Pa2,13.00
2051,58,8,117,Pa2,16.00
2052,37,8,117,Pa2,15.00
2053,44,8,117,Pa2,15.00
2054,50,8,118,Pa3,13.00
2055,63,8,118,Pa3,13.00
2056,48,8,118,Pa3,13.00
2057,55,8,118,Pa3,14.00
2058,68,8,118,Pa3,14.00
2059,71,8,118,Pa3,14.00
2060,47,8,118,Pa3,14.00
2061,66,8,118,Pa3,14.00
2062,69,8,118,Pa3,14.00
2063,37,8,118,Pa3,15.00
2064,58,8,118,Pa3,15.00
2065,65,8,118,Pa3,15.00
2066,40,8,118,Pa3,15.00
2067,45,8,118,Pa3,15.00
2068,46,8,118,Pa3,16.00
2069,62,8,118,Pa3,15.00
2070,54,8,118,Pa3,16.00
2071,60,8,118,Pa3,15.00
2072,36,8,118,Pa3,15.00
2073,67,8,118,Pa3,15.00
2074,56,8,118,Pa3,14.00
2075,57,8,118,Pa3,13.00
2076,61,8,118,Pa3,13.00
2077,43,8,119,Pa4,16.00
2078,52,8,119,Pa4,16.00
2079,66,8,119,Pa4,16.00
2080,51,8,119,Pa4,18.00
2081,58,8,119,Pa4,16.00
2082,45,8,136,T9,17.00
2083,46,8,136,T9,17.00
2084,51,8,136,T9,17.00
2085,54,8,136,T9,17.00
2086,60,8,136,T9,17.00
2087,62,8,136,T9,0.00
2088,37,8,136,T9,0.00
2089,40,8,136,T9,0.00
2090,44,8,136,T9,0.00
2091,58,8,136,T9,15.00
2092,59,8,136,T9,0.00
2093,65,8,136,T9,0.00
2094,47,8,136,T9,15.00
2095,55,8,136,T9,15.00
2096,66,8,136,T9,15.00
2097,68,8,136,T9,15.00
2098,69,8,136,T9,15.00
2099,71,8,136,T9,0.00
2100,36,8,136,T9,12.00
2101,42,8,136,T9,12.00
2102,49,8,136,T9,0.00
2103,52,8,136,T9,12.00
2104,64,8,136,T9,0.00
2105,67,8,136,T9,12.00
2106,38,8,136,T9,12.00
2107,39,8,136,T9,12.00
2108,53,8,136,T9,0.00
2109,56,8,136,T9,0.00
2110,57,8,136,T9,12.00
2111,61,8,136,T9,12.00
2112,63,8,136,T9,10.00
2113,63,8,119,Pa4,16.00
2114,43,8,136,T9,10.00
2115,48,8,136,T9,0.00
2116,50,8,136,T9,0.00
2117,70,8,136,T9,0.00
2118,43,8,120,Pa5,18.00
2119,68,8,120,Pa5,17.00
2120,43,8,137,T10,5.00
2121,48,8,137,T10,5.00
2122,50,8,137,T10,5.00
2123,63,8,137,T10,5.00
2124,70,8,137,T10,5.00
2125,47,8,137,T10,10.00
2126,55,8,137,T10,10.00
2127,66,8,137,T10,10.00
2128,68,8,137,T10,10.00
2129,69,8,137,T10,10.00
2130,71,8,137,T10,10.00
2131,37,8,137,T10,15.00
2132,40,8,137,T10,15.00
2133,44,8,137,T10,15.00
2134,58,8,137,T10,15.00
2135,59,8,137,T10,15.00
2136,65,8,137,T10,15.00
2137,45,8,137,T10,14.00
2138,46,8,137,T10,14.00
2139,51,8,137,T10,14.00
2140,54,8,137,T10,14.00
2141,60,8,137,T10,14.00
2142,62,8,137,T10,14.00
2143,38,8,137,T10,8.00
2144,39,8,137,T10,8.00
2145,53,8,137,T10,8.00
2146,56,8,137,T10,8.00
2147,57,8,137,T10,8.00
2148,61,8,137,T10,8.00
2149,48,8,120,Pa5,15.00
2150,47,8,120,Pa5,15.00
2151,69,8,120,Pa5,15.00
2152,66,8,120,Pa5,15.00
2153,65,8,120,Pa5,16.00
2154,58,8,120,Pa5,16.00
2155,54,8,120,Pa5,18.00
2156,51,8,120,Pa5,17.00
2157,38,8,120,Pa5,15.00
2158,43,8,121,Pa6,16.00
2159,63,8,121,Pa6,16.00
2160,50,8,121,Pa6,14.00
2161,47,8,121,Pa6,16.00
2162,55,8,121,Pa6,16.00
2163,65,8,121,Pa6,17.00
2164,58,8,121,Pa6,17.00
2165,49,8,121,Pa6,16.00
2166,38,8,121,Pa6,16.00
2167,61,8,121,Pa6,16.00
2168,39,8,121,Pa6,16.00
2169,51,8,121,Pa6,17.00
2170,55,8,123,Pa8,15.00
2171,54,8,123,Pa8,17.00
2172,43,8,122,Pa7,13.00
2173,48,8,122,Pa7,13.00
2174,50,8,122,Pa7,13.00
2175,63,8,122,Pa7,13.00
2176,70,8,122,Pa7,13.00
2177,47,8,122,Pa7,12.00
2178,55,8,122,Pa7,12.00
2179,66,8,122,Pa7,12.00
2180,68,8,122,Pa7,12.00
2181,69,8,122,Pa7,12.00
2182,71,8,122,Pa7,12.00
2183,45,8,122,Pa7,13.00
2184,46,8,122,Pa7,13.00
2185,51,8,122,Pa7,13.00
2186,54,8,122,Pa7,13.00
2187,60,8,122,Pa7,13.00
2188,62,8,122,Pa7,13.00
2189,36,8,122,Pa7,15.00
2190,42,8,122,Pa7,15.00
2191,49,8,122,Pa7,15.00
2192,52,8,122,Pa7,15.00
2193,64,8,122,Pa7,15.00
2194,67,8,122,Pa7,15.00
2195,37,8,122,Pa7,12.00
2196,40,8,122,Pa7,12.00
2197,44,8,122,Pa7,12.00
2198,58,8,122,Pa7,12.00
2199,59,8,122,Pa7,0.00
2200,65,8,122,Pa7,12.00
2201,38,8,122,Pa7,12.00
2202,39,8,122,Pa7,12.00
2203,53,8,122,Pa7,12.00
2204,56,8,122,Pa7,12.00
2205,57,8,122,Pa7,12.00
2206,61,8,122,Pa7,12.00
2207,64,8,113,PaC,14.33
2208,65,8,113,PaC,14.67
2209,66,8,113,PaC,14.17
2210,67,8,113,PaC,14.50
2211,68,8,113,PaC,14.20
2212,69,8,113,PaC,14.00
2213,70,8,113,PaC,14.00
2214,71,8,113,PaC,13.50
2215,36,8,113,PaC,14.50
2216,37,8,113,PaC,14.00
2217,38,8,113,PaC,14.50
2218,39,8,113,PaC,14.20
2219,40,8,113,PaC,13.75
2220,42,8,113,PaC,14.33
2221,43,8,113,PaC,15.43
2222,44,8,113,PaC,13.67
2223,45,8,113,PaC,14.00
2224,46,8,113,PaC,14.25
2225,47,8,113,PaC,14.43
2226,48,8,113,PaC,13.80
2227,49,8,113,PaC,15.40
2228,50,8,113,PaC,13.60
2229,51,8,113,PaC,15.86
2230,52,8,113,PaC,14.75
2231,53,8,113,PaC,13.33
2232,54,8,113,PaC,15.71
2233,55,8,113,PaC,14.29
2234,56,8,113,PaC,14.00
2235,57,8,113,PaC,13.25
2236,58,8,113,PaC,15.13
2237,59,8,113,PaC,7.00
2238,60,8,113,PaC,14.00
2239,61,8,113,PaC,14.00
2240,62,8,113,PaC,14.00
2241,63,8,113,PaC,14.86
2242,43,8,135,T8,15.00
2243,48,8,135,T8,15.00
2244,50,8,135,T8,15.00
2245,63,8,135,T8,15.00
2246,70,8,135,T8,15.00
2247,36,8,135,T8,13.00
2248,42,8,135,T8,13.00
2249,49,8,135,T8,13.00
2250,52,8,135,T8,13.00
2251,64,8,135,T8,13.00
2252,67,8,135,T8,13.00
2253,45,8,135,T8,15.00
2254,46,8,135,T8,15.00
2255,51,8,135,T8,15.00
2256,54,8,135,T8,15.00
2257,60,8,135,T8,15.00
2258,62,8,135,T8,15.00
2259,37,8,135,T8,15.00
2260,40,8,135,T8,15.00
2261,44,8,135,T8,15.00
2262,58,8,135,T8,15.00
2263,59,8,135,T8,15.00
2264,65,8,135,T8,15.00
2265,38,8,135,T8,13.00
2266,39,8,135,T8,13.00
2267,53,8,135,T8,13.00
2268,56,8,135,T8,13.00
2269,57,8,135,T8,13.00
2270,61,8,135,T8,13.00
2271,47,8,135,T8,16.00
2272,55,8,135,T8,16.00
2273,66,8,135,T8,16.00
2274,68,8,135,T8,16.00
2275,69,8,135,T8,16.00
2276,71,8,135,T8,16.00
2277,43,8,134,T7,17.00
2278,48,8,134,T7,17.00
2279,50,8,134,T7,17.00
2280,63,8,134,T7,17.00
2281,70,8,134,T7,17.00
2282,45,8,134,T7,16.00
2283,46,8,134,T7,16.00
2284,51,8,134,T7,16.00
2285,54,8,134,T7,16.00
2286,60,8,134,T7,16.00
2287,62,8,134,T7,16.00
2288,36,8,134,T7,15.00
2289,42,8,134,T7,15.00
2290,49,8,134,T7,15.00
2291,52,8,134,T7,15.00
2292,64,8,134,T7,15.00
2293,67,8,134,T7,15.00
2294,37,8,134,T7,15.00
2295,40,8,134,T7,15.00
2296,44,8,134,T7,15.00
2297,58,8,134,T7,15.00
2298,59,8,134,T7,15.00
2299,65,8,134,T7,15.00
2300,38,8,134,T7,14.00
2301,39,8,134,T7,14.00
2302,53,8,134,T7,14.00
2303,56,8,134,T7,14.00
2304,57,8,134,T7,14.00
2305,61,8,134,T7,14.00
2306,47,8,134,T7,14.00
2307,55,8,134,T7,14.00
2308,66,8,134,T7,14.00
2309,68,8,134,T7,14.00
2310,69,8,134,T7,14.00
2311,71,8,134,T7,14.00
2312,43,8,138,T11,12.00
2313,48,8,138,T11,12.00
2314,50,8,138,T11,12.00
2315,63,8,138,T11,12.00
2316,70,8,138,T11,12.00
2317,36,8,138,T11,14.00
2318,42,8,138,T11,14.00
2319,49,8,138,T11,14.00
2320,52,8,138,T11,14.00
2321,64,8,138,T11,14.00
2322,67,8,138,T11,14.00
2323,45,8,138,T11,14.00
2324,46,8,138,T11,14.00
2325,51,8,138,T11,14.00
2326,54,8,138,T11,14.00
2327,60,8,138,T11,14.00
2328,62,8,138,T11,14.00
2329,37,8,138,T11,12.00
2330,40,8,138,T11,12.00
2331,44,8,138,T11,12.00
2332,58,8,138,T11,12.00
2333,59,8,138,T11,12.00
2334,65,8,138,T11,12.00
2335,47,8,138,T11,12.00
2336,55,8,138,T11,12.00
2337,66,8,138,T11,12.00
2338,68,8,138,T11,12.00
2339,69,8,138,T11,12.00
2340,71,8,138,T11,12.00
2341,38,8,138,T11,12.00
2342,39,8,138,T11,12.00
2343,53,8,138,T11,12.00
2344,56,8,138,T11,12.00
2345,57,8,138,T11,12.00
2346,61,8,138,T11,12.00
2347,43,8,139,T12,15.00
2348,48,8,139,T12,15.00
2349,50,8,139,T12,15.00
2350,63,8,139,T12,15.00
2351,70,8,139,T12,15.00
2352,36,8,139,T12,17.00
2353,42,8,139,T12,17.00
2354,49,8,139,T12,17.00
2355,52,8,139,T12,17.00
2356,64,8,139,T12,17.00
2357,67,8,139,T12,17.00
2358,45,8,139,T12,15.00
2359,46,8,139,T12,15.00
2360,51,8,139,T12,15.00
2361,54,8,139,T12,15.00
2362,60,8,139,T12,15.00
2363,62,8,139,T12,15.00
2364,37,8,139,T12,14.00
2365,40,8,139,T12,14.00
2366,44,8,139,T12,14.00
2367,58,8,139,T12,14.00
2368,59,8,139,T12,14.00
2369,65,8,139,T12,14.00
2370,47,8,139,T12,14.00
2371,55,8,139,T12,14.00
2372,66,8,139,T12,14.00
2373,68,8,139,T12,14.00
2374,69,8,139,T12,14.00
2375,71,8,139,T12,14.00
2376,38,8,139,T12,14.00
2377,39,8,139,T12,14.00
2378,53,8,139,T12,14.00
2379,56,8,139,T12,14.00
2380,57,8,139,T12,14.00
2381,61,8,139,T12,14.00
2382,64,8,115,PCC,7.00
2383,65,8,115,PCC,10.50
2384,66,8,115,PCC,7.00
2385,67,8,115,PCC,10.50
2386,68,8,115,PCC,8.00
2387,69,8,115,PCC,6.50
2388,70,8,115,PCC,8.00
2389,71,8,115,PCC,6.50
2390,36,8,115,PCC,12.00
2391,37,8,115,PCC,5.00
2392,38,8,115,PCC,10.00
2393,39,8,115,PCC,9.50
2394,40,8,115,PCC,5.50
2395,41,8,115,PCC,4.00
2396,42,8,115,PCC,8.50
2397,43,8,115,PCC,6.50
2398,44,8,115,PCC,5.00
2399,45,8,115,PCC,2.50
2400,46,8,115,PCC,8.50
2401,47,8,115,PCC,11.50
2402,48,8,115,PCC,7.50
2403,49,8,115,PCC,6.00
2404,50,8,115,PCC,9.00
2405,51,8,115,PCC,12.50
2406,52,8,115,PCC,9.50
2407,53,8,115,PCC,6.50
2408,54,8,115,PCC,11.00
2409,55,8,115,PCC,10.00
2410,56,8,115,PCC,11.50
2411,57,8,115,PCC,6.00
2412,58,8,115,PCC,9.00
2413,59,8,115,PCC,0.00
2414,60,8,115,PCC,9.00
2415,61,8,115,PCC,2.50
2416,62,8,115,PCC,9.00
2417,63,8,115,PCC,11.50
2418,64,8,109,N2,12.00
2419,65,8,109,N2,13.00
2420,66,8,109,N2,12.00
2421,67,8,109,N2,14.00
2422,68,8,109,N2,12.00
2423,69,8,109,N2,12.00
2424,70,8,109,N2,12.00
2425,71,8,109,N2,11.00
2426,36,8,109,N2,14.00
2427,37,8,109,N2,12.00
2428,38,8,109,N2,13.00
2429,39,8,109,N2,13.00
2430,40,8,109,N2,12.00
2431,41,8,109,N2,1.00
2432,42,8,109,N2,13.00
2433,43,8,109,N2,12.00
2434,44,8,109,N2,12.00
2435,45,8,109,N2,13.00
2436,46,8,109,N2,14.00
2437,47,8,109,N2,13.00
2438,48,8,109,N2,12.00
2439,49,8,109,N2,12.00
2440,50,8,109,N2,12.00
2441,51,8,109,N2,15.00
2442,52,8,109,N2,14.00
2443,53,8,109,N2,11.00
2444,54,8,109,N2,15.00
2445,55,8,109,N2,13.00
2446,56,8,109,N2,13.00
2447,57,8,109,N2,12.00
2448,58,8,109,N2,14.00
2449,59,8,109,N2,8.00
2450,60,8,109,N2,14.00
2451,61,8,109,N2,11.00
2452,62,8,109,N2,13.00
2453,63,8,109,N2,13.00
2454,43,8,112,EFP,10.00
2455,48,8,112,EFP,10.00
2456,50,8,112,EFP,10.00
2457,63,8,112,EFP,10.00
2458,70,8,112,EFP,10.00
2459,48,8,110,N3,10.00
2460,50,8,110,N3,10.00
2461,70,8,110,N3,10.00
2462,43,8,110,N3,10.00
2463,63,8,110,N3,10.00
2464,47,8,112,EFP,14.00
2465,55,8,112,EFP,14.00
2466,66,8,112,EFP,14.00
2467,68,8,112,EFP,14.00
2468,69,8,112,EFP,14.00
2469,71,8,112,EFP,14.00
2470,45,8,112,EFP,17.00
2471,46,8,112,EFP,17.00
2472,51,8,112,EFP,17.00
2473,54,8,112,EFP,17.00
2474,60,8,112,EFP,17.00
2475,62,8,112,EFP,17.00
2476,36,8,112,EFP,13.00
2477,42,8,112,EFP,13.00
2478,49,8,112,EFP,13.00
2479,52,8,112,EFP,13.00
2480,64,8,112,EFP,13.00
2481,67,8,112,EFP,13.00
2482,37,8,112,EFP,13.00
2483,40,8,112,EFP,13.00
2484,44,8,112,EFP,6.00
2485,58,8,112,EFP,13.00
2486,59,8,112,EFP,0.00
2487,65,8,112,EFP,13.00
2488,38,8,112,EFP,14.00
2489,39,8,112,EFP,14.00
2490,53,8,112,EFP,14.00
2491,56,8,112,EFP,14.00
2492,57,8,112,EFP,14.00
2493,61,8,112,EFP,14.00
2494,64,8,110,N3,13.00
2495,65,8,110,N3,13.00
2496,66,8,110,N3,14.00
2497,67,8,110,N3,13.00
2498,68,8,110,N3,14.00
2499,69,8,110,N3,14.00
2500,71,8,110,N3,14.00
2501,36,8,110,N3,13.00
2502,37,8,110,N3,13.00
2503,38,8,110,N3,14.00
2504,39,8,110,N3,14.00
2505,40,8,110,N3,13.00
2506,42,8,110,N3,13.00
2507,44,8,110,N3,6.00
2508,45,8,110,N3,17.00
2509,46,8,110,N3,17.00
2510,47,8,110,N3,14.00
2511,49,8,110,N3,13.00
2512,51,8,110,N3,17.00
2513,52,8,110,N3,13.00
2514,53,8,110,N3,14.00
2515,54,8,110,N3,17.00
2516,55,8,110,N3,14.00
2517,56,8,110,N3,14.00
2518,57,8,110,N3,14.00
2519,58,8,110,N3,13.00
2520,59,8,110,N3,0.00
2521,60,8,110,N3,17.00
2522,61,8,110,N3,14.00
2523,62,8,110,N3,17.00
2524,64,8,107,PROM,13.00
2525,65,8,107,PROM,13.00
2526,66,8,107,PROM,12.00
2527,67,8,107,PROM,14.00
2528,68,8,107,PROM,12.00
2529,69,8,107,PROM,12.00
2530,70,8,107,PROM,12.00
2531,71,8,107,PROM,12.00
2532,36,8,107,PROM,14.00
2533,37,8,107,PROM,12.00
2534,38,8,107,PROM,13.00
2535,39,8,107,PROM,13.00
2536,40,8,107,PROM,12.00
2537,41,8,107,PROM,1.00
2538,42,8,107,PROM,14.00
2539,43,8,107,PROM,12.00
2540,44,8,107,PROM,11.00
2541,45,8,107,PROM,14.00
2542,46,8,107,PROM,15.00
2543,47,8,107,PROM,13.00
2544,48,8,107,PROM,12.00
2545,49,8,107,PROM,13.00
2546,50,8,107,PROM,12.00
2547,51,8,107,PROM,16.00
2548,52,8,107,PROM,14.00
2549,53,8,107,PROM,12.00
2550,54,8,107,PROM,16.00
2551,55,8,107,PROM,13.00
2552,56,8,107,PROM,13.00
2553,57,8,107,PROM,13.00
2554,58,8,107,PROM,14.00
2555,59,8,107,PROM,5.00
2556,60,8,107,PROM,15.00
2557,61,8,107,PROM,12.00
2558,62,8,107,PROM,14.00
2559,63,8,107,PROM,12.00
2560,72,9,149,EFP,0.00
2561,83,9,149,EFP,0.00
2562,89,9,149,EFP,10.00
2563,97,9,149,EFP,10.00
2564,99,9,149,EFP,0.00
2565,106,9,149,EFP,0.00
2566,97,9,147,N3,10.00
2567,83,9,147,N3,0.00
2568,99,9,147,N3,0.00
2569,72,9,147,N3,0.00
2570,89,9,147,N3,10.00
2571,106,9,147,N3,0.00
2572,74,9,149,EFP,13.00
2573,75,9,149,EFP,13.00
2574,76,9,149,EFP,13.00
2575,82,9,149,EFP,13.00
2576,86,9,149,EFP,13.00
2577,93,9,149,EFP,13.00
2578,77,9,149,EFP,12.00
2579,79,9,149,EFP,12.00
2580,80,9,149,EFP,0.00
2581,95,9,149,EFP,12.00
2582,101,9,149,EFP,12.00
2583,105,9,149,EFP,12.00
2584,73,9,149,EFP,17.00
2585,81,9,149,EFP,17.00
2586,85,9,149,EFP,17.00
2587,87,9,149,EFP,17.00
2588,90,9,149,EFP,17.00
2589,92,9,149,EFP,17.00
2590,91,9,149,EFP,12.00
2591,100,9,149,EFP,12.00
2592,102,9,149,EFP,12.00
2593,103,9,149,EFP,12.00
2594,110,9,149,EFP,13.00
2595,98,9,149,EFP,13.00
2596,104,9,149,EFP,13.00
2597,107,9,149,EFP,13.00
2598,109,9,149,EFP,13.00
2599,78,9,149,EFP,17.00
2600,84,9,149,EFP,17.00
2601,88,9,149,EFP,17.00
2602,94,9,149,EFP,17.00
2603,96,9,149,EFP,17.00
2604,108,9,149,EFP,17.00
2605,73,9,147,N3,17.00
2606,74,9,147,N3,13.00
2607,75,9,147,N3,13.00
2608,76,9,147,N3,13.00
2609,77,9,147,N3,12.00
2610,78,9,147,N3,17.00
2611,79,9,147,N3,12.00
2612,80,9,147,N3,0.00
2613,81,9,147,N3,17.00
2614,82,9,147,N3,13.00
2615,84,9,147,N3,17.00
2616,85,9,147,N3,17.00
2617,86,9,147,N3,13.00
2618,87,9,147,N3,17.00
2619,88,9,147,N3,17.00
2620,90,9,147,N3,17.00
2621,91,9,147,N3,12.00
2622,92,9,147,N3,17.00
2623,93,9,147,N3,13.00
2624,94,9,147,N3,17.00
2625,95,9,147,N3,12.00
2626,96,9,147,N3,17.00
2627,98,9,147,N3,13.00
2628,100,9,147,N3,12.00
2629,101,9,147,N3,12.00
2630,102,9,147,N3,12.00
2631,103,9,147,N3,12.00
2632,104,9,147,N3,13.00
2633,105,9,147,N3,12.00
2634,107,9,147,N3,13.00
2635,108,9,147,N3,17.00
2636,109,9,147,N3,13.00
2637,110,9,147,N3,13.00
2638,57,8,142,PC1,6.00
2639,71,8,142,PC1,5.00
2640,63,8,142,PC1,14.00
2641,69,8,142,PC1,13.00
2642,60,8,142,PC1,9.00
2643,50,8,142,PC1,9.00
2644,47,8,142,PC1,9.00
2645,54,8,142,PC1,12.00
2646,43,8,142,PC1,3.00
2647,56,8,142,PC1,15.00
2648,48,8,142,PC1,8.00
2649,70,8,142,PC1,10.00
2650,53,8,142,PC1,6.00
2651,36,8,142,PC1,16.00
2652,65,8,142,PC1,15.00
2653,66,8,142,PC1,5.00
2654,52,8,142,PC1,11.00
2655,41,8,142,PC1,8.00
2656,58,8,142,PC1,9.00
2657,40,8,142,PC1,5.00
2658,62,8,142,PC1,10.00
2659,45,8,142,PC1,5.00
2660,37,8,142,PC1,4.00
2661,38,8,142,PC1,12.00
2662,64,8,142,PC1,6.00
2663,46,8,142,PC1,7.00
2664,55,8,142,PC1,13.00
2665,68,8,142,PC1,6.00
2666,67,8,142,PC1,7.00
2667,42,8,142,PC1,7.00
2668,49,8,142,PC1,6.00
2669,51,8,142,PC1,11.00
2670,39,8,142,PC1,10.00
2671,44,8,142,PC1,0.00
2672,59,8,142,PC1,0.00
2673,61,8,142,PC1,0.00
2674,43,8,124,Pa9,16.00
2675,70,8,124,Pa9,15.00
2676,63,8,124,Pa9,18.00
2677,50,8,124,Pa9,14.00
2678,66,8,124,Pa9,14.00
2679,47,8,124,Pa9,15.00
2680,55,8,124,Pa9,14.00
2681,69,8,124,Pa9,14.00
2682,68,8,124,Pa9,14.00
2683,71,8,124,Pa9,14.00
2684,45,8,124,Pa9,14.00
2685,46,8,124,Pa9,14.00
2686,51,8,124,Pa9,16.00
2687,54,8,124,Pa9,16.00
2688,60,8,124,Pa9,14.00
2689,62,8,124,Pa9,14.00
2690,49,8,124,Pa9,17.00
2691,36,8,124,Pa9,14.00
2692,64,8,124,Pa9,14.00
2693,67,8,124,Pa9,14.00
2694,52,8,124,Pa9,14.00
2695,42,8,124,Pa9,14.00
2696,40,8,124,Pa9,14.00
2697,58,8,124,Pa9,15.00
2698,65,8,124,Pa9,14.00
2699,37,8,124,Pa9,14.00
2700,61,8,124,Pa9,15.00
2701,38,8,124,Pa9,16.00
2702,56,8,124,Pa9,15.00
2703,57,8,124,Pa9,14.00
2704,39,8,124,Pa9,16.00
2705,53,8,124,Pa9,14.00
2706,38,8,140,T13,17.00
2707,39,8,140,T13,17.00
2708,53,8,140,T13,17.00
2709,56,8,140,T13,17.00
2710,57,8,140,T13,17.00
2711,61,8,140,T13,17.00
2712,41,8,111,EPP,0.00
2713,41,8,112,EFP,0.00
2714,41,8,108,N1,0.00
2715,41,8,110,N3,0.00
2716,74,9,158,Pa16,13.00
2717,75,9,158,Pa16,14.00
2718,76,9,158,Pa16,14.00
2719,82,9,158,Pa16,13.00
2720,86,9,158,Pa16,14.00
2721,93,9,158,Pa16,14.00
2722,95,9,158,Pa16,16.00
2723,77,9,158,Pa16,10.00
2724,79,9,158,Pa16,14.00
2725,80,9,158,Pa16,0.00
2726,101,9,158,Pa16,14.00
2727,105,9,158,Pa16,14.00
2728,87,9,158,Pa16,17.00
2729,73,9,158,Pa16,14.00
2730,81,9,158,Pa16,15.00
2731,85,9,158,Pa16,14.00
2732,90,9,158,Pa16,14.00
2733,92,9,158,Pa16,14.00
2734,91,9,158,Pa16,16.00
2735,100,9,158,Pa16,16.00
2736,102,9,158,Pa16,16.00
2737,103,9,158,Pa16,16.00
2738,110,9,158,Pa16,13.00
2739,98,9,158,Pa16,14.00
2740,104,9,158,Pa16,14.00
2741,107,9,158,Pa16,14.00
2742,109,9,158,Pa16,14.00
2743,88,9,158,Pa16,15.00
2744,108,9,158,Pa16,15.00
2745,94,9,158,Pa16,15.00
2746,84,9,158,Pa16,17.00
2747,78,9,158,Pa16,14.00
2748,97,9,158,Pa16,15.00
2749,89,9,158,Pa16,15.00
2750,82,9,161,Pa10,0.00
2751,82,9,157,Pa15,0.00
